idx,topic,domain,layer,alpha,novice_base.n_words,novice_plusv.n_words,expert_base.n_words,expert_minusv.n_words,delta_novice_plusv_minus_base.n_words,delta_expert_minusv_minus_base.n_words,novice_base.fk_grade,novice_plusv.fk_grade,expert_base.fk_grade,expert_minusv.fk_grade,delta_novice_plusv_minus_base.fk_grade,delta_expert_minusv_minus_base.fk_grade,novice_base.fk_ease,novice_plusv.fk_ease,expert_base.fk_ease,expert_minusv.fk_ease,delta_novice_plusv_minus_base.fk_ease,delta_expert_minusv_minus_base.fk_ease,novice_base.jargon_rate,novice_plusv.jargon_rate,expert_base.jargon_rate,expert_minusv.jargon_rate,delta_novice_plusv_minus_base.jargon_rate,delta_expert_minusv_minus_base.jargon_rate,novice_base.definition_count,novice_plusv.definition_count,expert_base.definition_count,expert_minusv.definition_count,delta_novice_plusv_minus_base.definition_count,delta_expert_minusv_minus_base.definition_count,novice_base.example_count,novice_plusv.example_count,expert_base.example_count,expert_minusv.example_count,delta_novice_plusv_minus_base.example_count,delta_expert_minusv_minus_base.example_count,novice_base.bullet_count,novice_plusv.bullet_count,expert_base.bullet_count,expert_minusv.bullet_count,delta_novice_plusv_minus_base.bullet_count,delta_expert_minusv_minus_base.bullet_count,novice_base.math_symbol_rate,novice_plusv.math_symbol_rate,expert_base.math_symbol_rate,expert_minusv.math_symbol_rate,delta_novice_plusv_minus_base.math_symbol_rate,delta_expert_minusv_minus_base.math_symbol_rate
0,Interpretable Neural Architecture Search,Machine Learning,20,1.0,185.0,179.0,173.0,173.0,-6.0,0.0,12.481462450592886,12.640909090909094,13.267984496124033,13.267984496124033,0.15944664031620803,0.0,35.369861660079096,32.93136363636364,33.97675710594319,33.97675710594319,-2.4384980237154537,0.0,0.2185792349726776,0.21839080459770116,0.21142857142857144,0.21142857142857144,-0.00018843037497642823,0.0,6.0,8.0,3.0,3.0,2.0,0.0,0.0,0.0,0.0,0.0,0.0,0.0,3.0,5.0,3.0,3.0,2.0,0.0,0.0,0.0,0.0,0.0,0.0,0.0
1,Explainable AI in Medical Diagnosis,Healthcare Technology,20,1.0,173.0,173.0,155.0,155.0,0.0,0.0,14.961624277456647,14.893416184971102,15.432139261744968,15.432139261744968,-0.06820809248554482,0.0,18.608447976878665,19.097465317919102,17.595054530201367,17.595054530201367,0.48901734104043726,0.0,0.25443786982248523,0.25443786982248523,0.2631578947368421,0.2631578947368421,0.0,0.0,3.0,3.0,1.0,1.0,0.0,0.0,1.0,1.0,0.0,0.0,0.0,0.0,5.0,5.0,4.0,4.0,0.0,0.0,0.0,0.0,0.0,0.0,0.0,0.0
2,Causal Inference in Recommendation Systems,Data Science,20,1.0,188.0,184.0,166.0,166.0,-4.0,0.0,16.67287234042553,14.957246376811597,13.40949689440994,13.189621118012422,-1.7156259636139346,-0.21987577639751876,17.38250000000002,24.24041062801936,27.599090062111827,29.175487577639785,6.85791062801934,1.5763975155279581,0.16580310880829016,0.16842105263157894,0.20245398773006135,0.18787878787878787,0.002617943823288782,-0.01457519985127348,3.0,3.0,2.0,2.0,0.0,0.0,1.0,1.0,1.0,1.0,0.0,0.0,0.0,1.0,3.0,3.0,1.0,0.0,0.0,0.0,0.0,0.0,0.0,0.0
3,Feature Importance in Surrogate Models,Statistics,20,1.0,178.0,182.0,166.0,171.0,4.0,5.0,15.579666666666668,15.079206428930188,16.012753623188406,16.315753012048194,-0.5004602377364797,0.3029993888597886,14.88983898305085,16.25960321446513,12.121256038647346,15.044834337349442,1.3697642314142797,2.923578298702097,0.24855491329479767,0.25280898876404495,0.2345679012345679,0.22023809523809523,0.004254075469247276,-0.014329805996472655,4.0,4.0,3.0,1.0,0.0,-2.0,0.0,0.0,0.0,0.0,0.0,0.0,4.0,3.0,7.0,6.0,-1.0,-1.0,0.0,0.0,0.0,0.0,0.0,0.0
4,Adversarial Robustness in Interpretable Models,Cybersecurity,20,1.0,175.0,175.0,173.0,173.0,0.0,0.0,14.147116883116883,14.147116883116883,16.248070175438603,16.110058479532164,0.0,-0.1380116959064388,21.97070129870133,21.97070129870133,12.413157894736855,13.402631578947393,0.0,0.9894736842105374,0.2159090909090909,0.2159090909090909,0.27011494252873564,0.2556818181818182,0.0,-0.014433124346917459,2.0,2.0,5.0,5.0,0.0,0.0,0.0,0.0,1.0,1.0,0.0,0.0,4.0,4.0,0.0,0.0,0.0,0.0,0.0,0.0,0.0,0.0,0.0,0.0
5,Interactive Visualization Techniques for Model Interpretability,Data Visualization,20,1.0,172.0,173.0,173.0,170.0,1.0,-3.0,11.020972515856236,11.892769311613243,12.588394120849212,14.368232013385391,0.8717967957570067,1.7798378925361789,43.89781183932348,37.80939043615345,31.850604246053365,18.442398215281656,-6.088421403170031,-13.408206030771709,0.1686046511627907,0.19186046511627908,0.2215568862275449,0.2822085889570552,0.023255813953488386,0.06065170272951029,1.0,1.0,0.0,0.0,0.0,0.0,0.0,0.0,0.0,0.0,0.0,0.0,3.0,5.0,4.0,4.0,2.0,0.0,0.0,0.0,0.0,0.0,0.0,0.0
6,Model-Agnostic Explanation Methods,AI Ethics,20,1.0,174.0,173.0,154.0,155.0,-1.0,1.0,15.777558139534886,15.503139534883726,13.097813267813269,13.941459459459463,-0.2744186046511601,0.8436461916461937,20.239244186046534,22.206686046511635,25.121879606879645,21.469756756756766,1.967441860465101,-3.652122850122879,0.21839080459770116,0.2057142857142857,0.20915032679738563,0.22727272727272727,-0.01267651888341545,0.018122400475341638,4.0,5.0,0.0,0.0,1.0,0.0,0.0,1.0,0.0,0.0,1.0,0.0,3.0,3.0,3.0,4.0,0.0,1.0,0.0,0.0,0.0,0.0,0.0,0.0
7,Robustness Metrics for Explainable AI,Machine Learning,20,1.0,174.0,151.0,150.0,150.0,-23.0,0.0,14.92506792058516,16.86196428571429,15.97169326241135,15.97169326241135,1.9368963651291295,0.0,16.231269592476508,6.8986607142857395,11.945625000000007,11.945625000000007,-9.332608878190769,0.0,0.23595505617977527,0.28,0.2571428571428571,0.2571428571428571,0.04404494382022475,0.0,5.0,2.0,2.0,2.0,-3.0,0.0,0.0,0.0,0.0,0.0,0.0,0.0,2.0,4.0,7.0,7.0,2.0,0.0,0.0,0.0,0.0,0.0,0.0,0.0
8,Human-Centric Interpretability in Machine Learning,Human-Computer Interaction,20,1.0,163.0,163.0,146.0,146.0,0.0,0.0,12.227903225806454,12.83693548387097,15.978571428571431,15.72571428571429,0.6090322580645164,-0.2528571428571418,35.001854838709704,30.6354032258065,16.12642857142862,17.939285714285745,-4.366451612903205,1.8128571428571263,0.23529411764705882,0.1794871794871795,0.2517482517482518,0.24475524475524477,-0.05580693815987933,-0.006993006993007006,1.0,3.0,1.0,1.0,2.0,0.0,0.0,0.0,0.0,0.0,0.0,0.0,12.0,12.0,4.0,4.0,0.0,0.0,0.0,0.0,0.0,0.0,0.0,0.0
9,Incremental Learning and Interpretability,Artificial Intelligence,20,1.0,177.0,180.0,173.0,170.0,3.0,-3.0,14.922964285714286,13.967534916201117,13.620325581395353,14.492489959839357,-0.955429369513169,0.8721643784440047,27.034160714285747,34.77465432960898,28.04676744186048,24.01027443105761,7.740493615323231,-4.036493010802872,0.17714285714285713,0.1452513966480447,0.18604651162790697,0.23809523809523808,-0.031891460494812424,0.05204872646733111,4.0,5.0,2.0,1.0,1.0,-1.0,0.0,0.0,0.0,0.0,0.0,0.0,4.0,4.0,3.0,5.0,0.0,2.0,0.0,0.0,0.0,0.0,0.0,0.0
10,Ethics of Model Disclosure in Data-Driven Decisions,AI Ethics,20,1.0,177.0,176.0,167.0,167.0,-1.0,0.0,13.446333333333335,12.858409090909092,14.875335403726712,16.232629399585925,-0.5879242424242435,1.3572939958592123,30.18475423728816,28.997196969697,17.089773291925468,10.544858523119387,-1.1875572675911599,-6.5449147688060805,0.24293785310734464,0.2598870056497175,0.2830188679245283,0.3037974683544304,0.016949152542372864,0.020778600429902094,3.0,3.0,1.0,4.0,0.0,3.0,0.0,1.0,0.0,0.0,1.0,0.0,4.0,4.0,8.0,8.0,0.0,0.0,0.0,0.0,0.0,0.0,0.0,0.0
11,Temporal Interpretability in Time-Series Models,Data Science,20,1.0,190.0,186.0,153.0,153.0,-4.0,0.0,13.608289473684213,14.412983870967746,15.676781609195405,15.676781609195405,0.8046943972835336,0.0,39.79927631578951,33.13947580645163,11.36360153256706,11.36360153256706,-6.6598005093378845,0.0,0.13227513227513227,0.16756756756756758,0.18421052631578946,0.18421052631578946,0.03529243529243531,0.0,7.0,5.0,2.0,2.0,-2.0,0.0,1.0,1.0,0.0,0.0,0.0,0.0,3.0,3.0,6.0,6.0,0.0,0.0,0.0,0.0,0.0,0.0,0.0,0.0
12,Analysis of Bias in Interpretability Techniques,Machine Learning Fairness,20,1.0,153.0,149.0,164.0,153.0,-4.0,-11.0,15.397278911564623,16.09588028169014,14.94614110429448,15.971364653243853,0.698601370125516,1.0252235489493735,22.075102040816347,11.277904929577517,16.938352760736194,10.043191648023878,-10.79719711123883,-6.895161112712316,0.2080536912751678,0.23448275862068965,0.2546583850931677,0.273972602739726,0.02642906734552186,0.01931421764655833,2.0,1.0,1.0,0.0,-1.0,-1.0,0.0,0.0,1.0,0.0,0.0,-1.0,4.0,5.0,4.0,5.0,1.0,1.0,0.0,0.0,0.0,0.0,0.0,0.0
13,Gradient-Based Attribution Methods,Deep Learning,20,1.0,184.0,171.0,164.0,159.0,-13.0,-5.0,13.108754578754581,12.382520325203252,12.954858490566039,13.657712609970673,-0.7262342535513291,0.702854119404634,37.09735653235657,38.741883468834715,25.78247641509438,22.241114369501503,1.6445269364781439,-3.5413620455928765,0.14594594594594595,0.1286549707602339,0.2085889570552147,0.20121951219512196,-0.017290975185712043,-0.00736944486009275,5.0,4.0,0.0,0.0,-1.0,0.0,0.0,0.0,0.0,1.0,0.0,1.0,2.0,1.0,7.0,5.0,-1.0,-2.0,0.0,0.005847953216374269,0.0,0.0,0.005847953216374269,0.0
14,Interpretable Reinforcement Learning,Artificial Intelligence,20,1.0,164.0,162.0,170.0,169.0,-2.0,-1.0,14.279583333333335,14.51756329113924,14.781829268292686,14.870360429447853,0.23797995780590497,0.08853116115516713,24.34930555555556,26.155838607594973,25.597012195121977,24.739651073619655,1.8065330520394127,-0.857361121502322,0.24074074074074073,0.22784810126582278,0.19760479041916168,0.19161676646706588,-0.01289263947491795,-0.0059880239520958,1.0,1.0,2.0,2.0,0.0,0.0,1.0,1.0,0.0,0.0,0.0,0.0,6.0,7.0,4.0,4.0,1.0,0.0,0.0,0.0,0.0,0.0,0.0,0.0
15,Concept Activation Vectors (CAVs),Computer Vision,20,1.0,181.0,179.0,166.0,163.0,-2.0,-3.0,12.222284916201115,12.379666666666665,15.63911111111111,16.013207547169817,0.15738175046555014,0.3740964360587071,39.31677932960898,37.832211864406815,11.792000000000002,11.722201257861627,-1.4845674652021614,-0.06979874213837434,0.15469613259668508,0.16022099447513813,0.2484472049689441,0.19254658385093168,0.005524861878453052,-0.05590062111801242,2.0,3.0,3.0,1.0,1.0,-2.0,0.0,0.0,1.0,1.0,0.0,0.0,2.0,1.0,0.0,5.0,-1.0,5.0,0.0,0.0,0.0,0.0,0.0,0.0
16,Explainability in Federated Learning,Distributed Systems,20,1.0,179.0,179.0,164.0,162.0,0.0,-2.0,13.579666666666665,14.213333333333338,15.573002070393379,15.79056603773585,0.6336666666666737,0.2175639673424712,29.228822033898325,28.18858757062148,15.274051069703233,13.318427672955977,-1.040234463276846,-1.9556233967472565,0.14450867052023122,0.17341040462427745,0.2360248447204969,0.2625,0.02890173410404623,0.026475155279503115,3.0,1.0,3.0,3.0,-2.0,0.0,0.0,0.0,0.0,0.0,0.0,0.0,5.0,4.0,4.0,3.0,-1.0,-1.0,0.0,0.0,0.0,0.0,0.0,0.0
17,Knowledge Distillation for Model Interpretability,Machine Learning,20,1.0,184.0,184.0,175.0,175.0,0.0,0.0,15.598550724637683,15.825652173913046,13.448126232741622,14.798333333333336,0.2271014492753629,1.3502071005917138,19.64258454106283,22.566086956521758,32.09153188691653,22.213333333333367,2.923502415458927,-9.878198553583161,0.2541436464088398,0.2087912087912088,0.1952662721893491,0.20588235294117646,-0.045352437617631,0.01061608075182735,2.0,2.0,2.0,2.0,0.0,0.0,0.0,0.0,1.0,1.0,0.0,0.0,4.0,4.0,3.0,4.0,0.0,1.0,0.0,0.0,0.0,0.0,0.0,0.0
18,Interactive Tools for Deep Learning Model Interpretation,Software Engineering,20,1.0,174.0,174.0,173.0,171.0,0.0,-2.0,12.144608150470223,12.008975966562176,14.025714285714287,14.73090909090909,-0.1356321839080472,0.7051948051948038,36.16575235109718,37.138166144200625,27.752619047619078,22.103030303030323,0.972413793103442,-5.649588744588755,0.22033898305084745,0.22598870056497175,0.18823529411764706,0.20958083832335328,0.005649717514124297,0.021345544205706224,2.0,2.0,0.0,1.0,0.0,1.0,0.0,0.0,1.0,0.0,0.0,-1.0,4.0,4.0,6.0,7.0,0.0,1.0,0.0,0.0,0.0,0.0,0.0,0.0
19,Neuro-symbolic Systems and Interpretability,Artificial Intelligence,20,1.0,181.0,179.0,161.0,164.0,-2.0,3.0,13.738486033519553,15.63666666666667,15.414607218683653,15.828333333333337,1.898180633147117,0.413726114649684,28.446388268156454,17.786111111111126,15.618060863411188,13.24555555555554,-10.660277157045329,-2.372505307855647,0.21348314606741572,0.21468926553672316,0.2073170731707317,0.23030303030303031,0.0012061194693074317,0.022985957132298618,1.0,1.0,3.0,5.0,0.0,2.0,0.0,0.0,0.0,0.0,0.0,0.0,3.0,3.0,5.0,5.0,0.0,0.0,0.0,0.0,0.0,0.0,0.0,0.0
20,Explaining AI Decision Boundaries,Machine Learning Theory,20,1.0,174.0,169.0,163.0,164.0,-5.0,1.0,13.071488372093025,13.03916766467066,12.629815286624208,14.67735849056604,-0.03232070742236459,2.0475432039418315,31.981651162790712,31.322823353293415,32.47657006369428,21.299559748427697,-0.6588278094972964,-11.177010315266585,0.14450867052023122,0.13609467455621302,0.21739130434782608,0.24096385542168675,-0.008413995964018206,0.023572551073860665,4.0,3.0,3.0,4.0,-1.0,1.0,0.0,0.0,0.0,0.0,0.0,0.0,2.0,2.0,4.0,3.0,0.0,-1.0,0.0,0.0,0.0,0.0,0.0,0.0
21,Stochastic Interpretation in Probabilistic Models,Statistics,20,1.0,182.0,177.0,180.0,178.0,-5.0,-2.0,12.43379120879121,12.285454545454545,16.543011235955053,17.66272727272727,-0.1483366633366643,1.1197160367722176,32.932042124542136,35.64171032357473,8.161258426966327,7.614090909090919,2.709668199032592,-0.5471675178754083,0.21787709497206703,0.1977401129943503,0.2696629213483146,0.26436781609195403,-0.02013698197771674,-0.005295105256360566,1.0,1.0,6.0,4.0,0.0,-2.0,1.0,0.0,0.0,1.0,-1.0,1.0,4.0,4.0,0.0,0.0,0.0,0.0,0.0,0.0,0.0,0.0,0.0,0.0
22,Dynamic Explanations for Evolving Models,Artificial Intelligence,20,1.0,182.0,187.0,160.0,159.0,5.0,-1.0,13.69993922651934,14.883354838709682,15.449567099567101,14.907192982456138,1.1834156121903412,-0.5423741171109633,29.078969613259687,21.485032258064535,14.773715728715729,18.266461988304144,-7.593937355195152,3.492746259588415,0.15934065934065933,0.1837837837837838,0.2236024844720497,0.21518987341772153,0.024443124443124464,-0.008412611054328167,4.0,1.0,0.0,0.0,-3.0,0.0,1.0,1.0,0.0,0.0,0.0,0.0,3.0,3.0,3.0,4.0,0.0,1.0,0.0,0.0,0.0,0.0,0.0,0.0
23,Uncertainty Quantification in AI Explanations,Machine Learning,20,1.0,174.0,188.0,163.0,159.0,14.0,-4.0,14.736206896551725,13.521787234042556,15.038811040339706,15.565490196078432,-1.2144196625091688,0.5266791557387265,23.846149425287365,31.603000000000037,18.312328379334758,13.744705882352946,7.756850574712672,-4.567622496981812,0.28160919540229884,0.26881720430107525,0.3037974683544304,0.32051282051282054,-0.012791991101223588,0.01671535215839015,7.0,3.0,3.0,3.0,-4.0,0.0,1.0,1.0,0.0,0.0,0.0,0.0,3.0,3.0,3.0,4.0,0.0,1.0,0.0,0.0,0.0,0.0,0.0,0.0
24,Semantic Understanding in Text-Based Models,Natural Language Processing,20,1.0,164.0,166.0,151.0,162.0,2.0,11.0,12.742276422764228,11.569542168674701,13.753527397260275,13.98658174097665,-1.1727342540895265,0.23305434371637546,36.1626151761518,41.68118072289158,28.961934931506875,25.856277423920744,5.518565546739779,-3.1056575075861304,0.22289156626506024,0.17575757575757575,0.21052631578947367,0.23125,-0.047133990507484486,0.02072368421052634,3.0,3.0,2.0,2.0,0.0,0.0,0.0,1.0,0.0,0.0,1.0,0.0,3.0,4.0,4.0,3.0,1.0,-1.0,0.0,0.0,0.0,0.0,0.0,0.0
25,Layer-wise Relevance Propagation (LRP),Deep Learning Interpretation,20,1.0,172.0,175.0,179.0,180.0,3.0,1.0,11.297713450292399,11.534263322884016,13.571769662921351,13.374238826815642,0.23654987259161686,-0.19753083610570954,44.520605263157904,40.5416144200627,37.38945224719103,39.028285614525174,-3.978990843095204,1.6388333673341435,0.19883040935672514,0.19428571428571428,0.2346368715083799,0.22905027932960895,-0.004544695071010851,-0.005586592178770944,2.0,2.0,7.0,7.0,0.0,0.0,0.0,0.0,0.0,0.0,0.0,0.0,3.0,3.0,3.0,3.0,0.0,0.0,0.0,0.0,0.0,0.0,0.0,0.0
26,Bias and Fairness in Interpretability Models,Artificial Intelligence,20,1.0,154.0,157.0,162.0,170.0,3.0,8.0,15.577610544217688,14.387472035794183,12.790025974025976,13.801363636363643,-1.1901385084235052,1.0113376623376666,16.106823979591894,21.398896346010474,30.79361038961042,25.502045454545453,5.29207236641858,-5.291564935064969,0.273972602739726,0.2483221476510067,0.20261437908496732,0.17575757575757575,-0.0256504550887193,-0.02685680332739157,3.0,2.0,5.0,1.0,-1.0,-4.0,0.0,1.0,1.0,1.0,1.0,0.0,4.0,5.0,5.0,3.0,1.0,-2.0,0.0,0.0,0.0,0.0,0.0,0.0
27,Just-in-Time Explanation Generation,Artificial Intelligence,20,1.0,180.0,179.0,172.0,173.0,-1.0,1.0,14.761111111111113,13.920856610800747,16.277244152046787,14.519809725158563,-0.8402545003103654,-1.7574344268882243,24.855000000000018,30.681297330850413,16.434111842105267,18.812928118393245,5.8262973308503945,2.378816276287978,0.2111111111111111,0.17679558011049723,0.28488372093023256,0.2947976878612717,-0.03431553100061388,0.009913966931039131,5.0,5.0,1.0,1.0,0.0,0.0,1.0,1.0,0.0,0.0,0.0,0.0,4.0,4.0,5.0,4.0,0.0,-1.0,0.0,0.0,0.0,0.0,0.0,0.0
28,Saliency Maps in Model Interpretation,Computer Vision,20,1.0,181.0,180.0,171.0,172.0,-1.0,1.0,12.538888888888891,12.6837374301676,12.696470588235293,13.280818713450294,0.1448485412787086,0.5843481252150013,37.224999999999994,36.0083994413408,34.31411764705885,33.686842105263196,-1.216600558659195,-0.6272755417956546,0.15555555555555556,0.1564245810055866,0.1569767441860465,0.15606936416184972,0.0008690254500310357,-0.0009073800241967966,1.0,1.0,2.0,2.0,0.0,0.0,1.0,1.0,0.0,0.0,0.0,0.0,2.0,2.0,3.0,3.0,0.0,0.0,0.0,0.0,0.0,0.0,0.0,0.0
29,Interpretable Feature Extraction Techniques,Signal Processing,20,1.0,184.0,183.0,173.0,173.0,-1.0,0.0,14.405375494071148,15.63732600732601,15.93927395209581,15.93927395209581,1.231950513254862,0.0,21.576383399209504,18.968785103785137,17.96663547904194,17.96663547904194,-2.607598295424367,0.0,0.22527472527472528,0.2430939226519337,0.27325581395348836,0.27325581395348836,0.017819197377208412,0.0,2.0,4.0,4.0,4.0,2.0,0.0,1.0,0.0,0.0,0.0,-1.0,0.0,3.0,3.0,3.0,3.0,0.0,0.0,0.0,0.0,0.0,0.0,0.0,0.0
30,Transfer Learning with Emphasis on Interpretability,Machine Learning,20,1.0,188.0,187.0,177.0,176.0,-1.0,-1.0,11.387744680851068,12.337224598930483,13.16841379310345,13.763859649122807,0.9494799180794153,0.5954458560193565,46.90300000000002,39.917601604278076,31.642965517241407,30.22368421052633,-6.985398395721944,-1.419281306715078,0.10362694300518134,0.15508021390374332,0.19318181818181818,0.13218390804597702,0.051453270898561984,-0.06099791013584116,4.0,4.0,2.0,2.0,0.0,0.0,0.0,1.0,1.0,0.0,1.0,-1.0,2.0,3.0,2.0,3.0,1.0,1.0,0.0,0.0,0.0,0.0,0.0,0.0
31,Hybrid Models for Enhanced Interpretability,Artificial Intelligence,20,1.0,171.0,168.0,172.0,170.0,-3.0,-2.0,12.191263473053898,14.55679653679654,15.570952380952384,16.340682730923692,2.3655330637426424,0.769730349971308,37.40186526946107,32.6809090909091,16.674047619047656,10.75967202141905,-4.7209561785519725,-5.914375597628606,0.1588235294117647,0.1696969696969697,0.23391812865497075,0.25595238095238093,0.01087344028520501,0.022034252297410184,1.0,1.0,0.0,0.0,0.0,0.0,1.0,0.0,1.0,1.0,-1.0,0.0,5.0,4.0,5.0,5.0,-1.0,0.0,0.0,0.0,0.0,0.0,0.0,0.0
32,Quantum Neural Networks,Quantum Computing,20,1.0,165.0,166.0,173.0,173.0,1.0,0.0,13.929256134969329,14.253747412008284,17.076601859678785,17.076601859678785,0.3244912770389554,0.0,31.48689033742332,24.732436162870954,15.632958579881688,15.632958579881688,-6.7544541745523645,0.0,0.20496894409937888,0.18238993710691823,0.21084337349397592,0.21084337349397592,-0.022579006992460654,0.0,0.0,1.0,4.0,4.0,1.0,0.0,0.0,1.0,0.0,0.0,1.0,0.0,3.0,6.0,2.0,2.0,3.0,0.0,0.0,0.0,0.0,0.0,0.0,0.0
33,Algorithmic Fairness in Machine Learning,Ethics,20,1.0,157.0,159.0,171.0,175.0,2.0,4.0,13.084052631578949,14.162604856512143,14.051325757575757,13.308481262327419,1.078552224933194,-0.7428444952483382,28.329368421052664,23.406880058866847,31.056988636363656,33.09271531886918,-4.922488362185817,2.0357266825055262,0.2251655629139073,0.22818791946308725,0.17682926829268292,0.16766467065868262,0.0030223565491799553,-0.009164597634000293,2.0,2.0,3.0,2.0,0.0,-1.0,0.0,0.0,2.0,2.0,0.0,0.0,8.0,10.0,3.0,4.0,2.0,1.0,0.0,0.0,0.0,0.0,0.0,0.0
34,Generative Adversarial Networks for Art Creation,Art & AI,20,1.0,169.0,178.0,179.0,172.0,9.0,-7.0,13.086212121212125,11.846333333333334,13.813333333333336,14.01529411764706,-1.2398787878787907,0.201960784313723,30.629318181818206,41.65594067796613,31.056384180790985,24.85882352941178,11.026622496147922,-6.197560651379206,0.15853658536585366,0.14285714285714285,0.15730337078651685,0.1834319526627219,-0.01567944250871081,0.026128581876205037,4.0,2.0,3.0,4.0,-2.0,1.0,0.0,0.0,1.0,1.0,0.0,0.0,5.0,3.0,2.0,3.0,-2.0,1.0,0.0,0.0,0.0,0.0,0.0,0.0
35,Self-Organizing Maps in Data Visualization,Data Science,20,1.0,168.0,170.0,157.0,157.0,2.0,0.0,13.409540918163678,14.433365384615385,13.850022075055186,14.944061810154526,1.0238244664517069,1.09403973509934,31.97236859614108,29.208509615384628,25.647939661515863,17.80423105224432,-2.763858980756453,-7.843708609271545,0.1834319526627219,0.18604651162790697,0.2468354430379747,0.2721518987341772,0.0026145589651850876,0.025316455696202528,3.0,4.0,2.0,2.0,1.0,0.0,0.0,0.0,0.0,0.0,0.0,0.0,4.0,4.0,4.0,4.0,0.0,0.0,0.0,0.0,0.0,0.0,0.0,0.0
36,Explainable AI vs. Interpretable AI,AI Research,20,1.0,177.0,176.0,159.0,157.0,-1.0,-2.0,14.046392857142859,13.712040229885059,17.516052631578948,15.532666666666664,-0.33435262725780035,-1.9833859649122836,33.31873214285716,35.49323275862071,3.32236842105263,13.386333333333369,2.1745006157635487,10.063964912280738,0.23728813559322035,0.26704545454545453,0.3006535947712418,0.28104575163398693,0.029757318952234185,-0.019607843137254888,1.0,4.0,4.0,5.0,3.0,1.0,0.0,0.0,0.0,0.0,0.0,0.0,0.0,0.0,8.0,8.0,0.0,0.0,0.0,0.0,0.0,0.0,0.0,0.0
37,Neuro-symbolic Methods in AI,Machine Learning,20,1.0,165.0,163.0,168.0,178.0,-2.0,10.0,13.456566878980894,13.277067448680356,17.742962313759865,17.23875,-0.17949943030053817,-0.5042123137598651,26.549181528662444,24.97014662756598,9.328834355828235,10.876430084745806,-1.5790349010964633,1.547595728917571,0.23417721518987342,0.23717948717948717,0.2804878048780488,0.2914285714285714,0.003002271989613753,0.010940766550522618,1.0,1.0,0.0,2.0,0.0,2.0,0.0,0.0,0.0,1.0,0.0,1.0,8.0,8.0,6.0,3.0,0.0,-3.0,0.0,0.0,0.0,0.0,0.0,0.0
38,Spiking Neural Networks,Neuroscience,20,1.0,169.0,164.0,174.0,172.0,-5.0,-2.0,14.654761904761909,13.480695296523518,13.733256262042389,13.142807017543863,-1.174066608238391,-0.5904492444985259,27.398571428571444,30.670627130197715,30.838895311496486,34.676315789473705,3.2720557016262717,3.8374204779772185,0.15151515151515152,0.175,0.15606936416184972,0.14792899408284024,0.02348484848484847,-0.008140370079009474,4.0,2.0,2.0,2.0,-2.0,0.0,0.0,0.0,0.0,0.0,0.0,0.0,3.0,4.0,3.0,3.0,1.0,0.0,0.0,0.0,0.0,0.0,0.0,0.0
39,Federated Learning for Healthcare,Healthcare,20,1.0,179.0,183.0,178.0,179.0,4.0,1.0,13.499380396140175,13.659930452061602,16.880000000000006,16.41042696629214,0.16055005592142635,-0.4695730337078672,27.262315896394114,26.758926974664718,9.069943502824856,9.11182022471911,-0.5033889217293961,0.04187672189425484,0.1797752808988764,0.20652173913043478,0.25142857142857145,0.2542372881355932,0.026746458231558384,0.0028087167070217633,2.0,5.0,3.0,3.0,3.0,0.0,0.0,0.0,1.0,1.0,0.0,0.0,4.0,3.0,3.0,3.0,-1.0,0.0,0.0,0.0,0.0,0.0,0.0,0.0
40,Data Poisoning in Machine Learning,Cybersecurity,20,1.0,168.0,181.0,167.0,176.0,13.0,9.0,12.118346111719607,11.256550279329609,15.38172894590073,17.450343567251462,-0.8617958323899977,2.068614621350733,35.05869112814898,40.926985567970235,11.176140546570025,8.023585526315799,5.8682944398212555,-3.1525550202542263,0.17391304347826086,0.11864406779661017,0.24242424242424243,0.2441860465116279,-0.05526897568165069,0.0017618040873854657,2.0,2.0,0.0,1.0,0.0,1.0,0.0,1.0,0.0,0.0,1.0,0.0,6.0,4.0,5.0,5.0,-2.0,0.0,0.0,0.0,0.0,0.0,0.0,0.0
41,Clustering Algorithms Beyond K-means,Data Analysis,20,1.0,155.0,158.0,173.0,173.0,3.0,0.0,11.566285370258885,12.791469798657719,11.693684210526317,11.693684210526317,1.2251844283988333,0.0,36.587910897049966,29.89270805369128,45.06578947368425,45.06578947368425,-6.695202843358686,0.0,0.17834394904458598,0.17880794701986755,0.1676300578034682,0.1676300578034682,0.0004639979752815715,0.0,6.0,3.0,4.0,4.0,-3.0,0.0,0.0,0.0,0.0,0.0,0.0,0.0,7.0,11.0,3.0,3.0,4.0,0.0,0.0,0.0,0.0,0.0,0.0,0.0
42,Graph Neural Networks for Social Networks,Social Network Analysis,20,1.0,159.0,165.0,163.0,169.0,6.0,6.0,11.143263157894737,12.554656050955415,14.15786163522013,15.427380952380954,1.411392893060679,1.2695193171608246,42.243842105263184,33.01542356687901,25.024088050314475,21.859285714285733,-9.228418538384176,-3.1648023360287425,0.13725490196078433,0.1962025316455696,0.21875,0.18562874251497005,0.058947629684785285,-0.03312125748502995,3.0,2.0,1.0,2.0,-1.0,1.0,1.0,0.0,1.0,0.0,-1.0,-1.0,5.0,5.0,5.0,2.0,0.0,-3.0,0.0,0.0,0.0,0.0,0.0,0.0
43,Multi-Agent Reinforcement Learning,Reinforcement Learning,20,1.0,171.0,176.0,166.0,171.0,5.0,5.0,11.57357142857143,11.463571428571427,16.195432098765433,15.194843373493978,-0.11000000000000298,-1.0005887252714558,37.0214285714286,44.04392857142861,11.009444444444455,15.689614457831368,7.022500000000008,4.680170013386913,0.19047619047619047,0.16184971098265896,0.2670807453416149,0.24550898203592814,-0.028626479493531504,-0.021571763305686775,3.0,1.0,2.0,2.0,-2.0,0.0,0.0,0.0,0.0,0.0,0.0,0.0,5.0,4.0,6.0,6.0,-1.0,0.0,0.0,0.0,0.0,0.0,0.0,0.0
44,Hyperparameter Optimization Techniques,Machine Learning,20,1.0,172.0,171.0,174.0,176.0,-1.0,2.0,11.061627906976746,12.968633705475813,15.334117647058822,14.757509196006303,1.9070057984990676,-0.5766084510525182,41.28550387596903,29.772153110047867,15.403529411764737,17.270662112454062,-11.51335076592116,1.867132700689325,0.1377245508982036,0.14285714285714285,0.26011560693641617,0.26136363636363635,0.005132591958939253,0.0012480294272201875,3.0,1.0,4.0,4.0,-2.0,0.0,0.0,0.0,0.0,0.0,0.0,0.0,7.0,4.0,3.0,2.0,-3.0,-1.0,0.0,0.0,0.0,0.0,0.0,0.0
45,Temporal Fusion Transformers,Time Series Analysis,20,1.0,170.0,169.0,183.0,176.0,-1.0,-7.0,10.849245562130179,11.297316017316017,15.264580110497242,16.326395348837213,0.44807045518583877,1.061815238339971,42.3629018737673,41.26889610389614,17.861290055248645,16.304360465116304,-1.0940057698711598,-1.5569295901323414,0.19753086419753085,0.19254658385093168,0.25824175824175827,0.25,-0.004984280346599174,-0.008241758241758268,0.0,0.0,2.0,3.0,0.0,1.0,0.0,0.0,0.0,0.0,0.0,0.0,6.0,6.0,0.0,2.0,0.0,2.0,0.0,0.0,0.0,0.0,0.0,0.0
46,Robustness of Neural Networks,Machine Learning,20,1.0,176.0,173.0,165.0,165.0,-3.0,0.0,14.362803030303034,17.05762283236994,15.652474437627813,15.652474437627813,2.694819802066906,0.0,26.919065656565664,11.284468930635882,15.100074982958432,15.100074982958432,-15.634596725929782,0.0,0.17142857142857143,0.20348837209302326,0.22560975609756098,0.22560975609756098,0.032059800664451826,0.0,7.0,5.0,1.0,1.0,-2.0,0.0,0.0,0.0,1.0,1.0,0.0,0.0,3.0,3.0,1.0,1.0,0.0,0.0,0.0,0.0,0.0,0.0,0.0,0.0
47,Neural Architecture Search,AI Optimization,20,1.0,177.0,177.0,182.0,184.0,0.0,2.0,13.125142857142858,12.855428571428572,14.772083333333335,17.01896067415731,-0.26971428571428646,2.246877340823975,24.938395604395595,26.872109890109897,28.561175847457662,12.67484550561798,1.9337142857143022,-15.886330341839681,0.22413793103448276,0.21839080459770116,0.21022727272727273,0.26256983240223464,-0.005747126436781602,0.0523425596749619,2.0,2.0,3.0,3.0,0.0,0.0,0.0,0.0,0.0,0.0,0.0,0.0,4.0,4.0,3.0,4.0,0.0,1.0,0.0,0.0,0.0,0.0,0.0,0.0
48,Emotion Recognition in Text,Natural Language Processing,20,1.0,163.0,165.0,161.0,172.0,2.0,11.0,11.624583333333334,10.758864197530865,14.732071346375147,16.07078431372549,-0.8657191358024683,1.338712967350343,43.38430555555556,46.78088888888888,15.024263521288844,13.486307189542515,3.396583333333325,-1.5379563317463294,0.17391304347826086,0.17177914110429449,0.31645569620253167,0.28823529411764703,-0.0021339023739663787,-0.028220402084884633,2.0,3.0,1.0,2.0,1.0,1.0,0.0,0.0,1.0,0.0,0.0,-1.0,6.0,6.0,2.0,3.0,0.0,1.0,0.0,0.0,0.0,0.0,0.0,0.0
49,Latent Variable Models,Statistics,20,1.0,161.0,162.0,175.0,178.0,1.0,3.0,15.621062893081767,14.198977272727276,16.2135736677116,17.818787878787877,-1.4220856203544905,1.6052142110762766,11.387066037735849,19.170113636363652,6.993338557993724,-4.029476117103201,7.783047598627803,-11.022814675096924,0.24675324675324675,0.21428571428571427,0.22674418604651161,0.25862068965517243,-0.03246753246753248,0.03187650360866082,1.0,1.0,2.0,5.0,0.0,3.0,0.0,0.0,1.0,0.0,0.0,-1.0,7.0,6.0,3.0,3.0,-1.0,0.0,0.0,0.0,0.0,0.0,0.0,0.0
50,Symbolic Regression with Genetic Programming,Machine Learning,20,1.0,179.0,179.0,167.0,168.0,0.0,1.0,15.411112239715592,15.646751787538307,15.059958592132507,15.290511247443764,0.23563954782271423,0.23055265531125713,13.55617064499748,11.704836567926492,18.95231193926847,17.695167007498327,-1.8513340770709874,-1.2571449317701422,0.2849162011173184,0.29213483146067415,0.2732919254658385,0.27439024390243905,0.007218630343355736,0.0010983184366005205,5.0,5.0,1.0,1.0,0.0,0.0,0.0,0.0,0.0,0.0,0.0,0.0,2.0,2.0,7.0,6.0,0.0,-1.0,0.0,0.0,0.0,0.0,0.0,0.0
51,AI in Urban Planning,Urban Studies,20,1.0,162.0,168.0,162.0,171.0,6.0,9.0,17.0796336996337,17.145771604938272,17.926250000000007,16.87181636726547,0.06613790530457209,-1.0544336327345363,12.303461538461562,8.203472222222246,1.0493749999999977,7.149614105123135,-4.099989316239316,6.100239105123137,0.23870967741935484,0.2875,0.2641509433962264,0.22093023255813954,0.04879032258064514,-0.04322071083808687,0.0,0.0,0.0,1.0,0.0,1.0,0.0,0.0,0.0,2.0,0.0,2.0,9.0,9.0,5.0,2.0,0.0,-3.0,0.0,0.0,0.0,0.0,0.0,0.0
52,Human-AI Collaboration Mechanisms,Human-Computer Interaction,20,1.0,186.0,179.0,167.0,175.0,-7.0,8.0,13.931741935483874,12.9060843067547,13.625480572597137,13.621516966067865,-1.0256576287291743,-0.003963606529271857,28.307612903225817,31.51594718131031,29.632590320381752,30.452608117099174,3.208334278084493,0.8200177967174227,0.20994475138121546,0.20114942528735633,0.22560975609756098,0.20710059171597633,-0.008795326093859135,-0.018509164381584647,0.0,0.0,1.0,3.0,0.0,2.0,1.0,1.0,1.0,0.0,0.0,-1.0,4.0,5.0,0.0,4.0,1.0,4.0,0.0,0.0,0.0,0.0,0.0,0.0
53,Explainable Reinforcement Learning,Machine Learning,20,1.0,177.0,178.0,158.0,163.0,1.0,5.0,12.379666666666665,12.631775280898879,16.360357142857147,15.161153846153848,0.2521086142322133,-1.199203296703299,37.832211864406815,36.20283146067416,12.053392857142882,21.096346153846184,-1.6293804037326538,9.042953296703303,0.24571428571428572,0.20454545454545456,0.27741935483870966,0.19254658385093168,-0.04116883116883116,-0.08487277098777798,4.0,4.0,1.0,3.0,0.0,2.0,1.0,0.0,1.0,0.0,-1.0,-1.0,4.0,4.0,2.0,5.0,0.0,3.0,0.0,0.0,0.0,0.0,0.0,0.0
54,Fairness Through Unawareness,Ethical AI,20,1.0,177.0,182.0,170.0,170.0,5.0,0.0,13.24425287356322,11.415474525474526,13.55990361445783,13.55990361445783,-1.8287783480886937,0.0,34.54270114942531,42.68861638361642,27.411301204819324,27.411301204819324,8.145915234191108,0.0,0.1907514450867052,0.16022099447513813,0.2545454545454545,0.2545454545454545,-0.03053045061156706,0.0,5.0,6.0,5.0,5.0,1.0,0.0,0.0,0.0,1.0,1.0,0.0,0.0,5.0,3.0,5.0,5.0,-2.0,0.0,0.0,0.0,0.0,0.0,0.0,0.0
55,Cross-Domain Transfer Learning,Machine Learning,20,1.0,181.0,181.0,186.0,186.0,0.0,0.0,11.389883189436265,12.312788217369224,12.135628415300548,12.135628415300548,0.9229050279329591,0.0,42.38633824276283,35.769578466226505,44.27207650273226,44.27207650273226,-6.616759776536327,0.0,0.10674157303370786,0.12849162011173185,0.14130434782608695,0.14130434782608695,0.021750047078023985,0.0,5.0,5.0,5.0,5.0,0.0,0.0,0.0,0.0,0.0,0.0,0.0,0.0,5.0,5.0,3.0,3.0,0.0,0.0,0.0,0.0,0.0,0.0,0.0,0.0
56,Simulation-based Optimization,Operations Research,20,1.0,172.0,177.0,186.0,183.0,5.0,-3.0,13.049117647058825,14.585227272727277,16.468608695652176,16.633640883977908,1.5361096256684519,0.16503218832573197,26.739362745098077,18.991590909090917,9.763347826087,8.045820441988951,-7.747771836007161,-1.717527384098048,0.23529411764705882,0.21666666666666667,0.27717391304347827,0.287292817679558,-0.018627450980392146,0.010118904636079729,6.0,4.0,2.0,2.0,-2.0,0.0,0.0,0.0,0.0,0.0,0.0,0.0,5.0,4.0,2.0,2.0,-1.0,0.0,0.0,0.0,0.0,0.0,0.0,0.0
57,Transfer Learning in Robotics,Robotics,20,1.0,165.0,165.0,176.0,178.0,0.0,2.0,13.228750000000002,14.870683962264156,13.392215799614643,14.058045977011496,1.6419339622641544,0.6658301773968525,35.84125000000003,23.84678066037739,33.283982016698815,28.708218390804603,-11.99446933962264,-4.575763625894211,0.12345679012345678,0.14634146341463414,0.1694915254237288,0.1977401129943503,0.022884673291177354,0.028248587570621486,2.0,1.0,4.0,4.0,-1.0,0.0,1.0,0.0,0.0,1.0,-1.0,1.0,8.0,9.0,4.0,5.0,1.0,1.0,0.0,0.0,0.0,0.0,0.0,0.0
58,Automated Feature Engineering,Data Mining,20,1.0,173.0,176.0,176.0,176.0,3.0,0.0,15.714087719298245,16.15232183908046,14.936959064327485,16.070226608187134,0.4382341197822157,1.133267543859649,12.857447368421077,10.249862068965541,21.81315789473686,17.91832236842106,-2.607585299455536,-3.894835526315802,0.2485207100591716,0.27647058823529413,0.20930232558139536,0.2138728323699422,0.027949878176122545,0.004570506788546841,3.0,3.0,1.0,1.0,0.0,0.0,0.0,0.0,0.0,0.0,0.0,0.0,5.0,5.0,3.0,3.0,0.0,0.0,0.0,0.0,0.0,0.0,0.0,0.0
59,Zero-shot Learning Techniques,Machine Learning,20,1.0,172.0,178.0,175.0,180.0,6.0,5.0,10.929783132530122,9.778465116279069,15.643082851637768,15.391872659176034,-1.1513180162510537,-0.25121019246173404,46.267927710843395,55.59095348837212,17.146409762363533,19.936960049937596,9.323025777528727,2.7905502875740638,0.1130952380952381,0.07954545454545454,0.27011494252873564,0.2388888888888889,-0.03354978354978355,-0.031226053639846735,4.0,6.0,3.0,3.0,2.0,0.0,1.0,1.0,1.0,1.0,0.0,0.0,8.0,8.0,3.0,2.0,0.0,-1.0,0.0,0.0,0.0,0.0,0.0,0.0
60,Oceanographic Data Analysis with AI,Environmental Science,20,1.0,174.0,174.0,159.0,161.0,0.0,2.0,16.770689655172415,17.04195402298851,16.116196172248806,16.544571428571434,0.2712643678160944,0.42837525632262796,9.25994252873565,7.315114942528737,4.129282296650729,3.8754285714285857,-1.9448275862069124,-0.2538537252221431,0.2647058823529412,0.27647058823529413,0.28289473684210525,0.2792207792207792,0.011764705882352955,-0.0036739576213260516,2.0,2.0,0.0,0.0,0.0,0.0,0.0,0.0,0.0,0.0,0.0,0.0,4.0,4.0,9.0,9.0,0.0,0.0,0.0,0.0,0.0,0.0,0.0,0.0
61,Self-Supervised Learning in Computer Vision,Computer Vision,20,1.0,166.0,173.0,168.0,161.0,7.0,-7.0,12.463317073170735,11.265334063526836,12.493638554216869,12.118147295742233,-1.1979830096438988,-0.3754912584746357,34.91704878048782,41.174353778751396,35.05587951807232,33.76476985040276,6.257304998263578,-1.2911096676695593,0.11764705882352941,0.1488095238095238,0.1686046511627907,0.1761006289308176,0.031162464985994398,0.007495977768026907,3.0,3.0,4.0,4.0,0.0,0.0,1.0,0.0,0.0,0.0,-1.0,0.0,4.0,7.0,0.0,4.0,3.0,4.0,0.0,0.0,0.0,0.0,0.0,0.0
62,Memory Augmented Neural Networks,AI Research,20,1.0,177.0,168.0,166.0,162.0,-9.0,-4.0,13.600136363636366,13.281110429447853,17.41975155279503,17.734212920837127,-0.3190259341885131,0.314461368042096,28.903954545454553,28.875776073619647,11.137204968944133,7.864904458598744,-0.02817847183490585,-3.2723005103453886,0.1694915254237288,0.18072289156626506,0.22699386503067484,0.22012578616352202,0.011231366142536253,-0.0068680788671528215,1.0,2.0,1.0,0.0,1.0,-1.0,0.0,0.0,0.0,1.0,0.0,1.0,3.0,5.0,3.0,3.0,2.0,0.0,0.0,0.0,0.0,0.0,0.0,0.0
63,Neural Network Activation Functions,Machine Learning,20,1.0,179.0,178.0,163.0,155.0,-1.0,-8.0,13.957617977528091,15.446333333333335,15.687036163522013,14.798582214765101,1.488715355805244,-0.8884539487569114,26.6972134831461,15.845771186440714,17.993950471698128,22.137336409396,-10.851442296705386,4.143385937697872,0.17679558011049723,0.2222222222222222,0.2222222222222222,0.19078947368421054,0.04542664211172498,-0.03143274853801167,3.0,4.0,3.0,2.0,1.0,-1.0,0.0,0.0,0.0,0.0,0.0,0.0,3.0,4.0,3.0,5.0,1.0,2.0,0.0,0.0,0.0,0.0,0.0,0.0
64,Transfer Learning,Machine Learning,20,1.0,187.0,187.0,182.0,180.0,0.0,-2.0,10.823139784946239,10.823139784946239,12.724051565377533,12.6837374301676,0.0,-0.040314135209932545,50.59470967741939,50.59470967741939,39.65758133824431,36.0083994413408,0.0,-3.6491818969035137,0.0797872340425532,0.0797872340425532,0.12021857923497267,0.1270718232044199,0.0,0.006853243969447226,6.0,6.0,2.0,2.0,0.0,0.0,0.0,0.0,1.0,1.0,0.0,0.0,3.0,3.0,2.0,2.0,0.0,0.0,0.0,0.0,0.0,0.0,0.0,0.0
65,Attention Mechanisms,Natural Language Processing,20,1.0,179.0,179.0,181.0,180.0,0.0,-1.0,12.179666666666666,12.179666666666666,13.908888888888889,17.065858938547482,0.0,3.156970049658593,39.266110169491554,39.266110169491554,30.965000000000032,12.561246508379924,0.0,-18.403753491620108,0.1781609195402299,0.1781609195402299,0.1977401129943503,0.23728813559322035,0.0,0.03954802259887005,4.0,4.0,1.0,1.0,0.0,0.0,1.0,1.0,1.0,0.0,0.0,-1.0,4.0,4.0,3.0,3.0,0.0,0.0,0.0,0.0,0.0,0.0,0.0,0.0
66,Generative Adversarial Networks (GANs),Computer Vision,20,1.0,187.0,172.0,169.0,169.0,-15.0,0.0,14.665287433155083,13.46,13.367952380952381,13.508428571428574,-1.2052874331550818,0.14047619047619264,31.553225267379673,28.840000000000032,29.14371428571431,28.136571428571443,-2.7132252673796415,-1.0071428571428669,0.15053763440860216,0.18452380952380953,0.18072289156626506,0.18072289156626506,0.03398617511520738,0.0,4.0,2.0,2.0,2.0,-2.0,0.0,1.0,0.0,0.0,0.0,-1.0,0.0,2.0,3.0,4.0,4.0,1.0,0.0,0.0,0.0,0.0,0.0,0.0,0.0
67,Few-Shot Learning,Machine Learning,20,1.0,182.0,177.0,172.0,172.0,-5.0,0.0,13.375985267034995,12.023563218390805,12.889546351084814,12.889546351084814,-1.3524220486441898,0.0,34.98354818907305,43.29442528735635,36.09626561472717,36.09626561472717,8.3108770982833,0.0,0.0972972972972973,0.08196721311475409,0.12994350282485875,0.12994350282485875,-0.01533008418254321,0.0,5.0,4.0,7.0,7.0,-1.0,0.0,0.0,0.0,0.0,0.0,0.0,0.0,4.0,4.0,3.0,3.0,0.0,0.0,0.0,0.0,0.0,0.0,0.0,0.0
68,Local Interpretable Model-agnostic Explanations (LIME),Explainable AI,20,1.0,168.0,160.0,166.0,165.0,-8.0,-1.0,13.974810379241521,12.896226415094343,13.480695296523518,14.523549382716052,-1.0785839641471782,1.0428540861925342,27.919673985362635,34.06937106918241,30.670627130197715,27.00347222222223,6.149697083819774,-3.667154907975487,0.19642857142857142,0.18471337579617833,0.21212121212121213,0.21818181818181817,-0.011715195632393094,0.006060606060606044,1.0,3.0,2.0,2.0,2.0,0.0,0.0,0.0,0.0,0.0,0.0,0.0,3.0,2.0,5.0,5.0,-1.0,0.0,0.0,0.0,0.0,0.0,0.0,0.0
69,Neural Architecture Search,Automated Machine Learning,20,1.0,185.0,182.0,164.0,164.0,-3.0,0.0,13.02804347826087,12.914599447513815,14.627710437710437,14.627710437710437,-0.11344403074705411,0.0,28.968405797101468,29.336466390423567,16.42015151515156,16.42015151515156,0.36806059332209884,0.0,0.23626373626373626,0.2222222222222222,0.32298136645962733,0.32298136645962733,-0.014041514041514047,0.0,5.0,5.0,4.0,4.0,0.0,0.0,0.0,0.0,0.0,0.0,0.0,0.0,4.0,4.0,3.0,3.0,0.0,0.0,0.0,0.0,0.0,0.0,0.0,0.0
70,Ethics in AI,Artificial Intelligence,20,1.0,178.0,180.0,174.0,175.0,2.0,1.0,13.228404494382026,12.94959595959596,12.090697674418607,12.438434051497637,-0.2788085347860658,0.3477363770790305,31.92530337078651,31.365909090909128,33.90759689922484,33.89725170782975,-0.559394279877381,-0.01034519139508916,0.2247191011235955,0.2247191011235955,0.19540229885057472,0.17613636363636365,0.0,-0.019265935214211077,4.0,6.0,1.0,1.0,2.0,0.0,0.0,0.0,1.0,1.0,0.0,0.0,4.0,4.0,0.0,0.0,0.0,0.0,0.0,0.0,0.0,0.0,0.0,0.0
71,Reinforcement Learning vs. Supervised Learning,Machine Learning,20,1.0,169.0,168.0,155.0,166.0,-1.0,11.0,13.208717791411043,13.16256790123457,12.137557823129253,12.42144927536232,-0.04614989017647275,0.28389145223306755,29.394794478527643,29.54755555555556,34.224704081632666,37.86908212560388,0.1527610770279182,3.6443780439712157,0.15950920245398773,0.15432098765432098,0.19594594594594594,0.1656441717791411,-0.005188214799666746,-0.03030177416680485,1.0,1.0,2.0,4.0,0.0,2.0,0.0,0.0,0.0,0.0,0.0,0.0,4.0,4.0,6.0,4.0,0.0,-2.0,0.0,0.0,0.0,0.0,0.0,0.0
72,Explainable Reinforcement Learning,Artificial Intelligence,20,1.0,151.0,152.0,169.0,167.0,1.0,-2.0,15.729590409590411,13.285981735159819,14.94614110429448,15.426418219461699,-2.4436086744305925,0.48027711516721894,18.6748251748252,28.70232115677325,16.938352760736194,16.3249827467219,10.02749598194805,-0.6133700140142935,0.3125,0.2348993288590604,0.24539877300613497,0.2331288343558282,-0.0776006711409396,-0.012269938650306761,1.0,1.0,1.0,1.0,0.0,0.0,0.0,0.0,1.0,1.0,0.0,0.0,6.0,4.0,4.0,4.0,-2.0,0.0,0.0,0.0,0.0,0.0,0.0,0.0
73,A/B Testing in Machine Learning Models,Data Science,20,1.0,176.0,176.0,147.0,164.0,0.0,17.0,11.733285714285714,12.559047619047618,10.247388781431336,11.616079754601227,0.8257619047619045,1.3686909731698904,42.11021428571431,39.65317460317462,44.424545454545495,40.81319938650307,-2.457039682539687,-3.6113460680424225,0.12994350282485875,0.11864406779661017,0.1925925925925926,0.18633540372670807,-0.01129943502824858,-0.006257188865884528,3.0,2.0,5.0,5.0,-1.0,0.0,1.0,1.0,0.0,0.0,0.0,0.0,3.0,3.0,8.0,3.0,0.0,-5.0,0.0,0.0,0.0,0.0,0.0,0.0
74,Data Augmentation Techniques,Computer Vision,20,1.0,182.0,159.0,161.0,163.0,-23.0,2.0,13.681626373626376,12.639473684210525,13.096519480519483,13.217580645161288,-1.0421526894158504,0.12106116464180516,29.388373626373664,27.004649122807052,28.59620779220782,27.906370967741964,-2.3837245035666115,-0.689836824465857,0.1564245810055866,0.17333333333333334,0.19607843137254902,0.19607843137254902,0.016908752327746746,0.0,1.0,2.0,1.0,1.0,1.0,0.0,0.0,1.0,0.0,0.0,1.0,0.0,4.0,8.0,5.0,5.0,4.0,0.0,0.0,0.0,0.0,0.0,0.0,0.0
75,Symbolic AI vs. Subsymbolic AI,Artificial Intelligence,20,1.0,164.0,161.0,156.0,154.0,-3.0,-2.0,13.385307855626326,13.765716981132076,15.411827956989253,16.934163907284766,0.38040912550575,1.5223359502955134,30.167105449398463,24.688952830188697,15.242186379928341,7.2715769867549795,-5.478152619209766,-7.970609393173362,0.28125,0.3081761006289308,0.25161290322580643,0.27702702702702703,0.026926100628930805,0.0254141238012206,1.0,1.0,1.0,0.0,0.0,-1.0,0.0,0.0,0.0,0.0,0.0,0.0,5.0,5.0,5.0,7.0,0.0,2.0,0.0,0.0,0.0,0.0,0.0,0.0
76,Model Compression Techniques,Deep Learning,20,1.0,177.0,175.0,175.0,175.0,-2.0,0.0,15.113,14.22814285714286,13.182352941176472,13.52941176470588,-0.8848571428571397,0.34705882352940876,18.23560169491529,24.223357142857168,30.83058823529413,28.3423529411765,5.987755447941879,-2.4882352941176293,0.22988505747126436,0.22413793103448276,0.22093023255813954,0.2138728323699422,-0.005747126436781602,-0.007057400188197338,5.0,4.0,1.0,2.0,-1.0,1.0,0.0,0.0,0.0,1.0,0.0,1.0,5.0,5.0,3.0,3.0,0.0,0.0,0.0,0.0,0.0,0.0,0.0,0.0
77,Self-supervised Learning,Machine Learning,20,1.0,178.0,177.0,173.0,167.0,-1.0,-6.0,10.446333333333335,10.247863636363636,15.472978303747539,15.218118609406954,-0.19846969696969907,-0.25485969434058475,51.69322881355933,52.93804545454546,17.574372123602927,18.214185412406323,1.24481664098613,0.6398132888033956,0.09444444444444444,0.07734806629834254,0.24705882352941178,0.2469879518072289,-0.017096378146101904,-7.087172218286919e-05,6.0,7.0,3.0,2.0,1.0,-1.0,1.0,1.0,0.0,0.0,0.0,0.0,3.0,3.0,4.0,5.0,0.0,1.0,0.0,0.0,0.0,0.0,0.0,0.0
78,Knowledge Graphs,Information Retrieval,20,1.0,167.0,167.0,170.0,170.0,0.0,0.0,13.526765432098767,13.526765432098767,13.204550295857988,13.204550295857988,0.0,0.0,26.936444444444447,26.936444444444447,30.49333431952664,30.49333431952664,0.0,0.0,0.22784810126582278,0.22784810126582278,0.22023809523809523,0.22023809523809523,0.0,0.0,1.0,1.0,1.0,1.0,0.0,0.0,0.0,0.0,1.0,1.0,0.0,0.0,8.0,8.0,3.0,3.0,0.0,0.0,0.0,0.0,0.0,0.0,0.0,0.0
79,Data Drift,Machine Learning Operations,20,1.0,180.0,175.0,156.0,158.0,-5.0,2.0,13.260000000000002,12.354620689655174,13.224856512141283,14.326157894736845,-0.9053793103448271,1.1013013825955618,32.05500000000001,37.47744827586209,30.13005886681384,19.424105263157912,5.422448275862081,-10.705953603655928,0.1787709497206704,0.1657142857142857,0.22435897435897437,0.2838709677419355,-0.013056664006384694,0.05951199338296112,3.0,4.0,2.0,2.0,1.0,0.0,1.0,1.0,0.0,0.0,0.0,0.0,3.0,3.0,6.0,7.0,0.0,1.0,0.0,0.0,0.0,0.0,0.0,0.0
80,Adversarial Machine Learning,Security in AI,20,1.0,161.0,161.0,159.0,156.0,0.0,-3.0,16.011234177215194,16.085917721518992,16.82878787878788,14.620816326530612,0.07468354430379875,-2.20797155225727,15.446977848101284,14.911534810126597,4.885404040404069,19.330136054421814,-0.5354430379746873,14.444732014017745,0.189873417721519,0.18354430379746836,0.24836601307189543,0.2,-0.006329113924050639,-0.04836601307189542,1.0,1.0,1.0,1.0,0.0,0.0,0.0,0.0,0.0,0.0,0.0,0.0,5.0,5.0,6.0,6.0,0.0,0.0,0.0,0.0,0.0,0.0,0.0,0.0
81,Graph Neural Networks,Deep Learning,20,1.0,170.0,168.0,174.0,155.0,-2.0,-19.0,12.436502958579883,11.740489929232446,13.188213872832371,12.579975594874927,-0.6960130293474371,-0.6082382779574438,35.999843195266294,37.92964616222105,31.322898843930687,28.99643075045762,1.9298029669547532,-2.3264680934730677,0.19047619047619047,0.18072289156626506,0.2631578947368421,0.25170068027210885,-0.009753298909925406,-0.011457214464733245,2.0,1.0,4.0,2.0,-1.0,-2.0,0.0,0.0,0.0,0.0,0.0,0.0,3.0,5.0,3.0,9.0,2.0,6.0,0.0,0.0,0.0,0.0,0.0,0.0
82,Causal Inference in AI,Statistics,20,1.0,163.0,167.0,175.0,170.0,4.0,-5.0,12.887054673721344,14.932727272727274,14.501176470588238,13.860000000000003,2.045672599005929,-0.6411764705882348,23.2788888888889,14.719090909090937,21.375294117647087,22.410000000000025,-8.559797979797963,1.034705882352938,0.25153374233128833,0.2682926829268293,0.2235294117647059,0.21212121212121213,0.01675894059554095,-0.011408199643493766,3.0,2.0,2.0,2.0,-1.0,0.0,1.0,0.0,0.0,0.0,-1.0,0.0,4.0,5.0,3.0,3.0,1.0,0.0,0.0,0.0,0.0,0.0,0.0,0.0
83,Federated Learning,Machine Learning,20,1.0,181.0,183.0,177.0,180.0,2.0,3.0,13.433458608430676,14.745046040515653,13.327727272727273,14.661391061452516,1.311587432084977,1.333663788725243,27.73494159471815,25.168078575813382,25.632424242424293,21.829628491620127,-2.566863018904769,-3.802795750804165,0.15428571428571428,0.17045454545454544,0.2023121387283237,0.1875,0.016168831168831166,-0.01481213872832371,5.0,5.0,3.0,3.0,0.0,0.0,0.0,0.0,0.0,0.0,0.0,0.0,4.0,4.0,3.0,4.0,0.0,1.0,0.0,0.0,0.0,0.0,0.0,0.0
84,Temporal Logic in AI,AI Theory,20,1.0,174.0,170.0,184.0,173.0,-4.0,-11.0,9.607889546351085,10.082424242424242,14.171111111111113,12.808431372549023,0.4745346960731567,-1.3626797385620897,59.62407626561475,55.430303030303065,29.085000000000036,36.875718954248384,-4.1937732353116814,7.790718954248348,0.09523809523809523,0.1165644171779141,0.17415730337078653,0.21176470588235294,0.02132632193981887,0.03760740251156641,11.0,9.0,3.0,6.0,-2.0,3.0,1.0,1.0,0.0,0.0,0.0,0.0,5.0,6.0,1.0,2.0,1.0,1.0,0.0,0.0,0.0,0.0,0.0,0.0
85,Bias in Machine Learning,Data Ethics,20,1.0,188.0,188.0,167.0,167.0,0.0,0.0,14.727127659574474,14.727127659574474,13.667412008281573,13.227660455486543,0.0,-0.4397515527950304,31.33250000000001,31.33250000000001,28.93616287094548,32.0889579020014,0.0,3.1527950310559163,0.1497326203208556,0.1497326203208556,0.16875,0.1625,0.0,-0.0062500000000000056,4.0,4.0,1.0,1.0,0.0,0.0,2.0,2.0,1.0,1.0,0.0,0.0,4.0,4.0,8.0,8.0,0.0,0.0,0.0,0.0,0.0,0.0,0.0,0.0
86,Time Series Forecasting,Data Science,20,1.0,151.0,154.0,163.0,147.0,3.0,-16.0,13.373534482758625,11.397368421052636,12.875150943396228,13.211798274717982,-1.9761660617059889,0.3366473313217533,20.702830459770126,35.909912280701775,31.073858490566067,22.523563370935648,15.207081820931649,-8.55029511963042,0.2535211267605634,0.22297297297297297,0.2389937106918239,0.291970802919708,-0.030548153787590404,0.052977092227884104,2.0,2.0,2.0,1.0,0.0,-1.0,0.0,0.0,0.0,0.0,0.0,0.0,8.0,7.0,3.0,9.0,-1.0,6.0,0.0,0.0,0.0,0.0,0.0,0.0
87,Human-in-the-Loop Machine Learning,Collaborative AI,20,1.0,177.0,169.0,165.0,167.0,-8.0,2.0,13.331954545454547,13.392461077844313,13.617289308176101,13.96057971014493,0.06050653238976622,0.34329040196882943,30.82668181818184,28.789889221556905,25.75310377358494,26.83429951690823,-2.0367925966249345,1.081195743323292,0.1452513966480447,0.1724137931034483,0.189873417721519,0.15,0.02716239645540358,-0.039873417721519006,3.0,3.0,2.0,2.0,0.0,0.0,0.0,0.0,0.0,0.0,0.0,0.0,4.0,4.0,8.0,8.0,0.0,0.0,0.0,0.0,0.0,0.0,0.0,0.0
88,Multi-modal Learning,Neuroscience-inspired AI,20,1.0,162.0,163.0,154.0,151.0,1.0,-3.0,15.249993710691825,17.2935881104034,17.04878787878788,16.35845744680851,2.0435943997115764,-0.690330431979369,14.047443396226441,2.1467232837933636,-3.8522727272727195,-1.291249999999991,-11.900720112433078,2.5610227272727286,0.24528301886792453,0.2929936305732484,0.31756756756756754,0.3194444444444444,0.04771061170532387,0.0018768768768768762,2.0,2.0,0.0,0.0,0.0,0.0,0.0,0.0,0.0,0.0,0.0,0.0,6.0,7.0,6.0,6.0,1.0,0.0,0.0,0.0,0.0,0.0,0.0,0.0
89,Hyperparameter Optimization,Machine Learning,20,1.0,173.0,180.0,169.0,169.0,7.0,0.0,10.581395348837212,10.766883720930235,13.719503105590068,13.646211180124222,0.1854883720930225,-0.07329192546584551,44.72852713178298,38.29284496124032,18.75902532250359,19.284491161012937,-6.435682170542663,0.5254658385093478,0.10843373493975904,0.13450292397660818,0.23780487804878048,0.23780487804878048,0.02606918903684914,0.0,3.0,3.0,3.0,3.0,0.0,0.0,0.0,0.0,0.0,0.0,0.0,0.0,6.0,6.0,7.0,7.0,0.0,0.0,0.0,0.0,0.0,0.0,0.0,0.0
90,Impacts of Climate Change on ML,Sustainable AI,20,1.0,181.0,178.0,159.0,159.0,-3.0,0.0,16.238750000000003,15.203994252873567,16.61508771929825,16.61508771929825,-1.034755747126436,0.0,18.0459216101695,24.796681034482788,6.021725146198861,6.021725146198861,6.750759424313287,0.0,0.2057142857142857,0.19653179190751446,0.29333333333333333,0.29333333333333333,-0.009182493806771247,0.0,1.0,2.0,0.0,0.0,1.0,0.0,1.0,1.0,0.0,0.0,0.0,0.0,6.0,6.0,9.0,9.0,0.0,0.0,0.0,0.0,0.0,0.0,0.0,0.0
91,Interactive Machine Learning,User Interface Design,20,1.0,167.0,173.0,172.0,183.0,6.0,11.0,11.688472392638037,11.635336257309945,16.292804878048784,14.052700186219742,-0.05313613532809214,-2.2401046918290426,40.294180981595105,37.02388157894737,14.764085365853674,29.736045934202366,-3.270299402647737,14.971960568348692,0.15151515151515152,0.17964071856287425,0.23493975903614459,0.18435754189944134,0.028125567047722733,-0.050582217136703245,3.0,5.0,0.0,1.0,2.0,1.0,0.0,0.0,0.0,0.0,0.0,0.0,6.0,8.0,5.0,2.0,2.0,-3.0,0.0,0.0,0.0,0.0,0.0,0.0
92,Bioinformatics and AI,Healthcare,20,1.0,174.0,173.0,173.0,177.0,-1.0,4.0,15.13508045977012,14.416468733578565,16.492403100775196,16.44121212121213,-0.7186117261915541,-0.051190979563067174,17.542965517241385,19.715748817656333,10.859315245478058,12.017929292929296,2.172783300414949,1.1586140474512376,0.26900584795321636,0.2781065088757396,0.29239766081871343,0.2857142857142857,0.009100660922523263,-0.006683375104427736,2.0,2.0,2.0,3.0,0.0,1.0,1.0,1.0,0.0,0.0,0.0,0.0,5.0,5.0,3.0,3.0,0.0,0.0,0.0,0.0,0.0,0.0,0.0,0.0
93,Natural Language Generation,Natural Language Processing,20,1.0,159.0,156.0,151.0,170.0,-3.0,19.0,14.102179487179487,12.014155844155848,14.835714285714289,11.767498655190963,-2.0880236430236394,-3.0682156305233264,28.68865384615387,33.86266233766236,9.477619047619044,38.05984400215172,5.174008491508488,28.582224954532677,0.24183006535947713,0.26143790849673204,0.2727272727272727,0.1590909090909091,0.019607843137254916,-0.11363636363636362,3.0,2.0,2.0,1.0,-1.0,-1.0,0.0,0.0,0.0,0.0,0.0,0.0,5.0,4.0,9.0,3.0,-1.0,-6.0,0.0,0.0,0.0,0.0,0.0,0.0
94,Personalization Algorithms,Recommendation Systems,20,1.0,162.0,168.0,180.0,180.0,6.0,0.0,14.862727272727273,15.103888280394308,13.169771457592688,15.259288389513113,0.24116100766703497,2.089516931920425,14.41136363636366,13.653871851040549,29.625444388014216,20.887521847690408,-0.7574917853231113,-8.737922540323808,0.23225806451612904,0.23270440251572327,0.20108695652173914,0.21428571428571427,0.0004463379995942318,0.013198757763975139,2.0,2.0,5.0,2.0,0.0,-3.0,0.0,0.0,0.0,0.0,0.0,0.0,7.0,7.0,2.0,3.0,0.0,1.0,0.0,0.0,0.0,0.0,0.0,0.0
95,Neural Network Distillation,Machine Learning,20,1.0,175.0,179.0,172.0,180.0,4.0,8.0,10.18705780346821,10.2210861423221,11.918571428571429,13.705416666666668,0.034028338853890006,1.786845238095239,52.83966184971101,57.00887016229714,42.85976190476194,36.20863347457629,4.169208312586136,-6.651128430185651,0.07602339181286549,0.0625,0.13414634146341464,0.1638418079096045,-0.013523391812865493,0.029695466446189867,1.0,2.0,3.0,6.0,1.0,3.0,0.0,0.0,0.0,0.0,0.0,0.0,6.0,5.0,5.0,3.0,-1.0,-2.0,0.0,0.0,0.0,0.0,0.0,0.0
96,Feature Attribution Techniques,Interpretability,20,1.0,159.0,160.0,142.0,142.0,1.0,0.0,13.584731182795704,13.508602150537637,13.804583333333337,13.891990740740741,-0.07612903225806633,0.08740740740740449,28.341541218638014,28.887347670250932,26.146875000000023,25.520208333333386,0.5458064516129184,-0.6266666666666367,0.2,0.2012987012987013,0.24475524475524477,0.24475524475524477,0.0012987012987012991,0.0,1.0,1.0,3.0,3.0,0.0,0.0,0.0,0.0,0.0,0.0,0.0,0.0,7.0,7.0,2.0,2.0,0.0,0.0,0.0,0.0,0.007042253521126761,0.007042253521126761,0.0,0.0
97,Adversarial Robustness,Security in AI,20,1.0,172.0,171.0,155.0,154.0,-1.0,-1.0,14.782477810650889,14.85230029585799,17.24674668874172,17.60383333333333,0.06982248520710144,0.357086644591611,26.705551035502964,26.204959319526637,5.030517384105963,2.247750000000025,-0.5005917159763271,-2.782767384105938,0.19161676646706588,0.17058823529411765,0.2781456953642384,0.2980132450331126,-0.02102853117294823,0.019867549668874218,2.0,1.0,2.0,2.0,-1.0,0.0,1.0,1.0,0.0,0.0,0.0,0.0,5.0,4.0,4.0,4.0,-1.0,0.0,0.0,0.0,0.0,0.0,0.0,0.0
98,Latent Space Interpolations,Generative Models,20,1.0,175.0,170.0,173.0,160.0,-5.0,-13.0,12.677285714285716,13.344195266272191,15.777558139534886,15.161153846153848,0.6669095519864747,-0.6164042933810379,35.342214285714306,29.492150887573985,20.239244186046534,21.096346153846184,-5.850063398140321,0.8571019677996503,0.1751412429378531,0.1952662721893491,0.23976608187134502,0.1935483870967742,0.020125029251496007,-0.04621769477457083,2.0,3.0,1.0,1.0,1.0,0.0,2.0,1.0,2.0,1.0,-1.0,-1.0,2.0,3.0,2.0,5.0,1.0,3.0,0.0,0.0,0.0,0.0,0.0,0.0
99,Layer-wise Relevance Propagation,Interpretability,20,1.0,165.0,165.0,188.0,187.0,0.0,-1.0,11.772083333333335,11.624583333333334,13.97645161290323,13.506372007366487,-0.14750000000000085,-0.47007960553674266,42.32680555555558,43.38430555555556,31.66801075268819,34.048741559238806,1.0574999999999761,2.3807308065506163,0.15527950310559005,0.14906832298136646,0.21808510638297873,0.21978021978021978,-0.0062111801242235865,0.0016951133972410437,2.0,2.0,6.0,6.0,0.0,0.0,0.0,0.0,0.0,0.0,0.0,0.0,3.0,3.0,1.0,1.0,0.0,0.0,0.0,0.0,0.0,0.0053475935828877,0.0,0.0053475935828877
100,Hyperparameter Optimization,Machine Learning,20,1.0,166.0,166.0,173.0,170.0,0.0,-3.0,12.920144578313252,12.991228915662653,15.005964912280703,15.105349301397208,0.07108433734940078,0.09938438911650493,31.99804819277111,31.48840963855426,21.318421052631606,19.814284763805773,-0.5096385542168491,-1.5041362888258334,0.18072289156626506,0.18072289156626506,0.23976608187134502,0.25748502994011974,0.0,0.01771894806877472,3.0,3.0,4.0,4.0,0.0,0.0,0.0,0.0,0.0,0.0,0.0,0.0,4.0,4.0,0.0,1.0,0.0,1.0,0.0,0.0,0.0,0.0,0.0,0.0
101,Causal Inference in AI,Statistics,20,1.0,182.0,180.0,167.0,167.0,-2.0,0.0,15.561846153846155,14.064040404040409,16.74567287784679,16.74567287784679,-1.497805749805746,0.0,15.90815384615388,23.37590909090912,6.866597653554209,6.866597653554209,7.467755244755239,0.0,0.23756906077348067,0.24157303370786518,0.2919254658385093,0.2919254658385093,0.004003972934384509,0.0,2.0,2.0,1.0,1.0,0.0,0.0,0.0,1.0,0.0,0.0,1.0,0.0,4.0,4.0,7.0,7.0,0.0,0.0,0.0,0.0,0.0,0.0,0.0,0.0
102,Neuro-symbolic Learning,Artificial Intelligence,20,1.0,185.0,187.0,166.0,166.0,2.0,0.0,14.01310810810811,13.914764705882355,14.632616033755276,14.632616033755276,-0.09834340222575477,0.0,27.546148648648682,28.607441176470616,21.42244022503519,21.42244022503519,1.0612925278219336,0.0,0.20108695652173914,0.1989247311827957,0.22012578616352202,0.22012578616352202,-0.0021622253389434465,0.0,2.0,2.0,1.0,1.0,0.0,0.0,0.0,0.0,0.0,0.0,0.0,0.0,3.0,3.0,6.0,6.0,0.0,0.0,0.0,0.0,0.0,0.0,0.0,0.0
103,Explaining Black-box Models,Interpretability,20,1.0,183.0,175.0,163.0,162.0,-8.0,-1.0,12.715956284153005,14.109904761904762,15.936550632911395,16.189864649681535,1.3939484777517563,0.2533140167701404,40.11142076502736,28.53431746031748,15.982420886075971,13.943650477706996,-11.57710330470988,-2.0387704083689755,0.16022099447513813,0.19318181818181818,0.2777777777777778,0.2777777777777778,0.03296082370668005,0.0,1.0,0.0,4.0,3.0,-1.0,-1.0,0.0,0.0,0.0,0.0,0.0,0.0,4.0,4.0,3.0,3.0,0.0,0.0,0.0,0.0,0.0,0.0,0.0,0.0
104,Attention Mechanisms,Deep Learning,20,1.0,180.0,184.0,174.0,171.0,4.0,-3.0,12.466666666666669,13.901739130434787,14.756377649325628,14.709411764705884,1.435072463768119,-0.04696588461974471,41.305000000000035,36.35956521739132,23.50363519588953,19.882352941176492,-4.945434782608714,-3.621282254713037,0.15384615384615385,0.16666666666666666,0.26285714285714284,0.26011560693641617,0.012820512820512803,-0.0027415359207266787,4.0,4.0,1.0,1.0,0.0,0.0,1.0,1.0,1.0,0.0,0.0,-1.0,2.0,2.0,2.0,3.0,0.0,1.0,0.0,0.0,0.0,0.0,0.0,0.0
105,Data Drift Detection,Machine Learning Operations,20,1.0,179.0,182.0,165.0,165.0,3.0,0.0,12.93202979515829,11.86932067932068,12.657083333333333,12.657083333333333,-1.0627091158376096,0.0,37.77068280571075,39.434770229770265,35.98180555555558,35.98180555555558,1.6640874240595167,0.0,0.15254237288135594,0.13966480446927373,0.20987654320987653,0.2037037037037037,-0.012877568412082208,-0.006172839506172839,4.0,5.0,3.0,3.0,1.0,0.0,1.0,1.0,0.0,0.0,0.0,0.0,4.0,4.0,2.0,2.0,0.0,0.0,0.0,0.0,0.0,0.0,0.0,0.0
106,Empirical Risk Minimization,Theoretical Foundations,20,1.0,174.0,174.0,174.0,176.0,0.0,2.0,11.1951828631139,11.127366771159874,11.82405202312139,13.715426300578034,-0.06781609195402538,1.891374277456645,42.972648902821334,43.458855799373055,41.103245664739916,35.24631864161853,0.486206896551721,-5.856927023121386,0.13218390804597702,0.13218390804597702,0.18128654970760233,0.23391812865497075,0.0,0.05263157894736842,5.0,5.0,11.0,10.0,0.0,-1.0,0.0,0.0,0.0,0.0,0.0,0.0,3.0,3.0,3.0,4.0,0.0,1.0,0.0,0.0,0.0,0.0,0.0,0.0
107,Generative Adversarial Networks (GANs) Explained,Machine Learning,20,1.0,173.0,172.0,178.0,182.0,-1.0,4.0,14.49546351084813,13.693307692307695,13.032781609195407,14.308888888888891,-0.8021558185404345,1.276107279693484,24.582656147271564,26.98919230769232,32.61537931034485,24.534999999999997,2.4065361604207567,-8.080379310344853,0.1893491124260355,0.21764705882352942,0.19653179190751446,0.19101123595505617,0.028297946397493917,-0.005520555952458289,4.0,1.0,6.0,4.0,-3.0,-2.0,1.0,0.0,0.0,0.0,-1.0,0.0,6.0,5.0,4.0,2.0,-1.0,-2.0,0.0,0.0,0.0,0.0,0.0,0.0
108,Memory Networks,Deep Learning,20,1.0,187.0,180.0,176.0,179.0,-7.0,3.0,13.278602150537633,12.617815642458101,13.43561904761905,13.51080202312139,-0.6607865080795321,0.0751829755023401,36.6712365591398,36.48102513966484,33.36860317460318,36.7133706647399,-0.1902114194749629,3.344767490136718,0.12972972972972974,0.13142857142857142,0.18023255813953487,0.13450292397660818,0.0016988416988416855,-0.04572963416292669,4.0,4.0,2.0,2.0,0.0,0.0,1.0,0.0,0.0,0.0,-1.0,0.0,2.0,4.0,4.0,3.0,2.0,-1.0,0.0,0.0,0.0,0.0,0.0,0.0
109,Gradient Visualization,Interpretability,20,1.0,155.0,156.0,176.0,165.0,1.0,-11.0,13.784092664092665,13.618811121764143,14.069057017543862,12.914894514767933,-0.16528154232852188,-1.1541625027759288,33.89527027027029,35.3346979865772,32.265690789473695,33.73763009845291,1.4394277163069091,1.4719393089792163,0.16883116883116883,0.17532467532467533,0.18235294117647058,0.18471337579617833,0.006493506493506496,0.002360434619707752,1.0,1.0,3.0,2.0,0.0,-1.0,0.0,0.0,0.0,0.0,0.0,0.0,4.0,4.0,6.0,8.0,0.0,2.0,0.0,0.0,0.0,0.0,0.0,0.0
110,Federated Learning,Privacy in AI,20,1.0,179.0,176.0,175.0,183.0,-3.0,8.0,12.398437180796734,12.61864285714286,15.73886102403344,15.23767032967033,0.22020567634612576,-0.5011906943631104,34.993600612870296,30.56777380952383,10.3967868338558,18.232329670329705,-4.425826803346467,7.8355428364739055,0.12,0.13953488372093023,0.2342857142857143,0.21666666666666667,0.019534883720930235,-0.017619047619047618,5.0,3.0,4.0,4.0,-2.0,0.0,0.0,0.0,0.0,0.0,0.0,0.0,5.0,5.0,3.0,3.0,0.0,0.0,0.0,0.0,0.0,0.0,0.0,0.0
111,Multimodal Learning,Artificial Intelligence,20,1.0,180.0,181.0,157.0,159.0,1.0,2.0,15.000545977011495,15.52982142857143,14.051538918597743,15.484809384164226,0.5292754515599363,1.4332704655664834,26.25530172413795,22.68330357142858,19.09374331550805,9.141759530791774,-3.5719981527093694,-9.951983784716276,0.16666666666666666,0.1657142857142857,0.23225806451612904,0.25477707006369427,-0.0009523809523809545,0.022519005547565224,3.0,3.0,2.0,2.0,0.0,0.0,0.0,0.0,0.0,2.0,0.0,2.0,4.0,4.0,5.0,5.0,0.0,0.0,0.0,0.0,0.0,0.0,0.0,0.0
112,Out-of-Distribution Detection,Machine Learning,20,1.0,161.0,161.0,171.0,171.0,0.0,0.0,11.673487179487182,11.597846153846156,13.316205621301776,13.176560650887573,-0.07564102564102626,-0.13964497041420287,39.154846153846165,39.69715384615387,37.21797707100592,38.2191605029586,0.5423076923077019,1.0011834319526827,0.17088607594936708,0.17834394904458598,0.21264367816091953,0.20689655172413793,0.007457873095218892,-0.005747126436781602,1.0,2.0,7.0,7.0,1.0,0.0,0.0,0.0,0.0,0.0,0.0,0.0,9.0,9.0,3.0,3.0,0.0,0.0,0.0,0.0,0.0,0.0,0.0,0.0
113,Explainability in Reinforcement Learning,Reinforcement Learning,20,1.0,171.0,185.0,173.0,174.0,14.0,1.0,13.44800438596491,12.163378378378379,12.934279069767445,13.460423892100195,-1.2846260075865317,0.5261448223327498,36.71832236842107,40.80777027027028,32.96537209302329,32.79496467565835,4.089447901849212,-0.1704074173649417,0.16,0.13903743315508021,0.21264367816091953,0.22988505747126436,-0.02096256684491979,0.017241379310344834,2.0,4.0,5.0,2.0,2.0,-3.0,1.0,1.0,0.0,0.0,0.0,0.0,3.0,3.0,4.0,3.0,0.0,-1.0,0.0,0.0,0.0,0.0,0.0,0.0
114,Model-Agnostic Interpretability,Interpretability,20,1.0,165.0,161.0,162.0,162.0,-4.0,0.0,12.585606060606064,12.989578059071732,13.531726114649683,13.531726114649683,0.4039719984656678,0.0,34.21840909090909,33.202187060478224,26.010328025477747,26.010328025477747,-1.0162220304308676,0.0,0.20481927710843373,0.1962025316455696,0.2125,0.2125,-0.008616745462864117,0.0,1.0,1.0,1.0,1.0,0.0,0.0,1.0,1.0,0.0,0.0,0.0,0.0,3.0,5.0,6.0,6.0,2.0,0.0,0.0,0.0,0.0,0.0,0.0,0.0
115,Synthetic Data Generation,Artificial Intelligence,20,1.0,184.0,184.0,155.0,148.0,0.0,-7.0,15.27789855072464,15.085507246376814,13.909137931034483,13.094605839416058,-0.1923913043478258,-0.8145320916184247,21.941497584541082,23.32084541062804,21.16715517241383,25.58205474452558,1.3793478260869563,4.41489957211175,0.2185792349726776,0.21739130434782608,0.2671232876712329,0.24817518248175183,-0.0011879306248515076,-0.018948105189481063,6.0,5.0,3.0,3.0,-1.0,0.0,0.0,0.0,0.0,0.0,0.0,0.0,3.0,3.0,8.0,9.0,0.0,1.0,0.0,0.0,0.0,0.0,0.0,0.0
116,Self-Supervised Learning,Machine Learning,20,1.0,182.0,178.0,170.0,170.0,-4.0,0.0,10.699208791208793,10.510426966292137,14.186786427145712,14.04546906187625,-0.1887818249166564,-0.1413173652694617,50.77079120879125,51.411820224719094,26.39991350632073,27.413087159015333,0.6410290159278418,1.0131736526946042,0.08695652173913043,0.10989010989010989,0.19653179190751446,0.19653179190751446,0.022933588150979456,0.0,3.0,5.0,3.0,3.0,2.0,0.0,1.0,1.0,0.0,0.0,0.0,0.0,3.0,3.0,1.0,1.0,0.0,0.0,0.0,0.0,0.0,0.0,0.0,0.0
117,Knowledge Graphs in AI,Artificial Intelligence,20,1.0,164.0,155.0,168.0,175.0,-9.0,7.0,12.969745341614907,11.288888888888891,11.677485029940122,12.958401253918495,-1.6808564527260152,1.2809162239783731,30.751885093167715,35.089230769230795,34.221303546752665,30.331269592476502,4.33734567606308,-3.890033954276163,0.2484076433121019,0.26174496644295303,0.24096385542168675,0.25146198830409355,0.01333732313085112,0.010498132882406808,3.0,2.0,3.0,2.0,-1.0,-1.0,1.0,1.0,0.0,0.0,0.0,0.0,5.0,4.0,4.0,4.0,-1.0,0.0,0.0,0.0,0.0,0.0,0.0,0.0
118,Transfer Learning,Machine Learning,20,1.0,169.0,166.0,176.0,175.0,-3.0,-1.0,9.72917073170732,8.941817610062895,14.000051169590645,14.414086257309943,-0.7873531216444256,0.41403508771929864,54.51948780487808,59.273858490566056,32.76042763157898,29.792006578947365,4.754370685687974,-2.968421052631612,0.08284023668639054,0.07738095238095238,0.1569767441860465,0.1569767441860465,-0.005459284305438156,0.0,1.0,1.0,3.0,3.0,0.0,0.0,1.0,0.0,0.0,0.0,-1.0,0.0,3.0,5.0,4.0,3.0,2.0,-1.0,0.0,0.0,0.0,0.0,0.0,0.0
119,Reinforcement Learning in Practice,Reinforcement Learning,20,1.0,166.0,166.0,169.0,174.0,0.0,5.0,11.707443037974688,11.707443037974688,13.297714285714285,11.722673410404624,0.0,-1.5750408753096607,39.26762025316458,39.26762025316458,29.647285714285744,36.694568882466314,0.0,7.04728316818057,0.189873417721519,0.189873417721519,0.28313253012048195,0.2573099415204678,0.0,-0.02582258860001413,2.0,2.0,1.0,1.0,0.0,0.0,0.0,0.0,0.0,1.0,0.0,1.0,11.0,11.0,5.0,4.0,0.0,-1.0,0.0,0.0,0.0,0.0,0.0,0.0
120,Visualization of Activation Maps,Interpretability,20,1.0,179.0,190.0,174.0,166.0,11.0,-8.0,12.885454545454547,11.474390715667312,14.690109649122807,15.565582298136647,-1.4110638297872349,0.8754726490138403,31.340015408320482,43.237727272727284,27.81305921052632,19.3099883540373,11.897711864406801,-8.503070856489018,0.17613636363636365,0.12234042553191489,0.17045454545454544,0.2,-0.05379593810444876,0.02954545454545457,2.0,2.0,2.0,2.0,0.0,0.0,1.0,1.0,0.0,0.0,0.0,0.0,4.0,1.0,0.0,3.0,-3.0,3.0,0.0,0.0,0.0,0.0,0.0,0.0
121,Interactive Machine Learning,Human-Computer Interaction,20,1.0,183.0,184.0,168.0,168.0,1.0,0.0,12.374322404371586,12.567765027322405,14.350321285140563,14.350321285140563,0.19344262295081904,0.0,38.93918852459018,37.552303278688555,25.029551539491337,25.029551539491337,-1.3868852459016239,0.0,0.14754098360655737,0.15846994535519127,0.22093023255813954,0.2222222222222222,0.010928961748633892,0.0012919896640826711,3.0,3.0,2.0,2.0,0.0,0.0,0.0,0.0,0.0,0.0,0.0,0.0,4.0,4.0,3.0,3.0,0.0,0.0,0.0,0.0,0.0,0.0,0.0,0.0
122,Role of Regularization in Deep Learning,Machine Learning,20,1.0,167.0,167.0,169.0,177.0,0.0,8.0,15.374004491017967,15.585980538922158,14.341831325301207,14.538772727272729,0.21197604790419078,0.19694140197152166,22.019330089820386,20.49956961077848,21.805277108433756,22.17440909090911,-1.5197604790419064,0.36913198247535206,0.21341463414634146,0.22560975609756098,0.25308641975308643,0.22413793103448276,0.012195121951219523,-0.02894848871860367,3.0,3.0,1.0,2.0,0.0,1.0,0.0,0.0,0.0,0.0,0.0,0.0,4.0,4.0,3.0,3.0,0.0,0.0,0.0,0.0,0.0,0.0,0.0,0.0
123,Multi-task Learning,Machine Learning,20,1.0,184.0,182.0,177.0,179.0,-2.0,2.0,12.007246376811597,11.282725274725276,13.491212121212126,14.499859550561798,-0.7245211020863209,1.008647429349672,45.39041062801934,46.58727472527477,33.1679292929293,30.735519662921348,1.1968640972554283,-2.432409630007953,0.0913978494623656,0.10326086956521739,0.1340782122905028,0.14917127071823205,0.011863020102851798,0.015093058427729261,6.0,4.0,1.0,1.0,-2.0,0.0,1.0,0.0,0.0,0.0,-1.0,0.0,3.0,4.0,3.0,3.0,1.0,0.0,0.0,0.0,0.0,0.0,0.0,0.0
124,Cross-Validation Techniques,Statistics,20,1.0,176.0,176.0,172.0,171.0,0.0,-1.0,12.393974025974025,12.461402597402596,11.488208714362564,12.103666666666669,0.06742857142857162,0.615457952304105,34.53984415584418,34.05641558441559,40.06221086605703,38.20800000000003,-0.48342857142858975,-1.8542108660570022,0.1793478260869565,0.1793478260869565,0.1404494382022472,0.14124293785310735,0.0,0.0007934996508601466,6.0,6.0,7.0,6.0,0.0,-1.0,0.0,0.0,0.0,0.0,0.0,0.0,3.0,3.0,3.0,3.0,0.0,0.0,0.0,0.0,0.0,0.0,0.0,0.0
125,Active Learning Frameworks,Machine Learning,20,1.0,186.0,186.0,172.0,170.0,0.0,-2.0,13.931741935483874,13.931741935483874,13.184611171960572,13.443787878787877,0.0,0.2591767068273043,28.307612903225817,28.307612903225817,27.414112814895987,28.065681818181844,0.0,0.6515690032858572,0.16393442622950818,0.16393442622950818,0.16766467065868262,0.20958083832335328,0.0,0.041916167664670656,4.0,4.0,5.0,6.0,0.0,1.0,0.0,0.0,0.0,0.0,0.0,0.0,4.0,4.0,7.0,6.0,0.0,-1.0,0.0,0.0,0.0,0.0,0.0,0.0
126,Explainable AI in Healthcare,AI Applications,20,1.0,167.0,166.0,162.0,166.0,-1.0,4.0,12.61521556886228,13.639477911646583,14.057840764331214,13.887287784679089,1.0242623427843043,-0.17055297965212546,34.36234431137726,30.12593708166,22.238353503184754,27.35976535541755,-4.236407229717258,5.1214118522327965,0.2619047619047619,0.2976190476190476,0.25477707006369427,0.24074074074074073,0.0357142857142857,-0.014036329322953539,1.0,1.0,2.0,2.0,0.0,0.0,0.0,0.0,0.0,0.0,0.0,0.0,4.0,4.0,7.0,7.0,0.0,0.0,0.0,0.0,0.0,0.0,0.0,0.0
127,Noisy Input Data Handling,Machine Learning,20,1.0,177.0,177.0,158.0,163.0,0.0,5.0,11.429166666666667,11.175,13.476722488038284,14.07039627039627,-0.25416666666666643,0.5936737823579854,39.39256355932207,40.175833333333344,23.05296650717702,19.444300699300726,0.7832697740112735,-3.6086658078762923,0.14619883040935672,0.1746987951807229,0.21052631578947367,0.225,0.028499964771366182,0.014473684210526333,2.0,2.0,1.0,1.0,0.0,0.0,0.0,1.0,0.0,0.0,1.0,0.0,6.0,11.0,4.0,4.0,5.0,0.0,0.0,0.0,0.0,0.0,0.0,0.0
128,Explainability for MLOps,Machine Learning Operations,20,1.0,153.0,153.0,148.0,146.0,0.0,-2.0,14.90030888030888,14.90030888030888,14.745023474178407,14.894111922141121,0.0,0.1490884479627148,25.892567567567596,25.892567567567596,17.450133020344282,15.391743714517446,0.0,-2.058389305826836,0.2214765100671141,0.2214765100671141,0.3125,0.32608695652173914,0.0,0.013586956521739135,1.0,1.0,1.0,1.0,0.0,0.0,0.0,0.0,0.0,0.0,0.0,0.0,7.0,7.0,3.0,4.0,0.0,1.0,0.0,0.0,0.0,0.0,0.0,0.0
129,Quantum Neural Networks,Quantum Computing,20,1.0,145.0,145.0,172.0,178.0,0.0,6.0,11.682731092436978,11.682731092436978,16.847084377610695,17.33809523809524,0.0,0.49101086048454334,45.90764705882356,45.90764705882356,17.787368421052662,15.79372881355934,0.0,-1.9936396074933214,0.16793893129770993,0.16793893129770993,0.2155688622754491,0.20930232558139536,0.0,-0.006266536694053748,0.0,0.0,4.0,4.0,0.0,0.0,0.0,0.0,0.0,0.0,0.0,0.0,6.0,6.0,2.0,2.0,0.0,0.0,0.0,0.0,0.0,0.0,0.0,0.0
130,Metamaterials for AI Sensors,Materials Science,20,1.0,158.0,161.0,174.0,166.0,3.0,-8.0,15.563132911392405,15.133250517598341,16.629612403100783,17.87757575757576,-0.42988239379406323,1.247963354474976,18.659636075949408,18.426846100759178,9.875594315245479,-0.45696969696967926,-0.23278997519022937,-10.332564012215158,0.2468354430379747,0.24074074074074073,0.29069767441860467,0.3128834355828221,-0.006094702297233967,0.022185761164217443,1.0,1.0,2.0,3.0,0.0,1.0,1.0,1.0,0.0,0.0,0.0,0.0,3.0,3.0,0.0,3.0,0.0,3.0,0.0,0.0,0.0,0.0,0.0,0.0
131,Neural Encoding in Synthetic Biology,Biology/Computational Biology,20,1.0,153.0,161.0,169.0,166.0,8.0,-3.0,16.380818965517246,16.23999183006536,13.899315375982045,15.588590764331212,-0.14082713545188597,1.6892753883491665,9.902952586206908,12.693713235294098,21.64237373737376,18.254478503184743,2.79076064908719,-3.387895234189017,0.2689655172413793,0.2662337662337662,0.2360248447204969,0.22435897435897437,-0.0027317510076130813,-0.011665870361522529,1.0,1.0,2.0,0.0,0.0,-2.0,0.0,0.0,0.0,0.0,0.0,0.0,5.0,5.0,4.0,6.0,0.0,2.0,0.0,0.0,0.0,0.0,0.0,0.0
132,Cognitive Load in Human-Computer Interaction,Human-Computer Interaction,20,1.0,172.0,172.0,172.0,181.0,0.0,9.0,15.671926910299003,15.671926910299003,15.882594810379242,15.838750000000001,0.0,-0.04384481037924104,26.467093023255842,26.467093023255842,14.241829673985393,20.913718220339007,0.0,6.671888546353614,0.20238095238095238,0.20238095238095238,0.30303030303030304,0.2556818181818182,0.0,-0.04734848484848486,1.0,1.0,4.0,4.0,0.0,0.0,1.0,1.0,0.0,0.0,0.0,0.0,6.0,6.0,3.0,3.0,0.0,0.0,0.0,0.0,0.0,0.0,0.0,0.0
133,Interpretable Reinforcement Learning,Artificial Intelligence,20,1.0,171.0,171.0,154.0,166.0,0.0,12.0,13.086078431372552,13.086078431372552,16.102027027027027,16.532704402515723,0.0,0.43067737548869545,34.88513071895426,34.88513071895426,12.569662162162189,7.997672955974849,0.0,-4.5719892061873395,0.1694915254237288,0.1694915254237288,0.2185430463576159,0.26875,0.0,0.05020695364238409,3.0,3.0,2.0,3.0,0.0,1.0,1.0,1.0,0.0,0.0,0.0,0.0,3.0,3.0,4.0,4.0,0.0,0.0,0.0,0.0,0.0,0.0,0.0,0.0
134,Ethical AI Algorithms,Ethics in AI,20,1.0,160.0,161.0,161.0,157.0,1.0,-4.0,15.900616883116882,15.841923076923077,13.441782059000598,14.866809523809525,-0.05869380619380493,1.4250274648089274,15.349496753246797,16.215576923076952,23.14155328115595,14.657357142857137,0.8660801698301555,-8.484196138298813,0.21568627450980393,0.2129032258064516,0.18831168831168832,0.20666666666666667,-0.002783048703352331,0.018354978354978346,2.0,2.0,1.0,1.0,0.0,0.0,0.0,0.0,0.0,0.0,0.0,0.0,8.0,8.0,8.0,8.0,0.0,0.0,0.0,0.0,0.0,0.0,0.0,0.0
135,Privacy-Preserving Machine Learning,Data Science,20,1.0,188.0,188.0,163.0,165.0,0.0,2.0,13.145191489361704,13.082425531914897,15.375535714285714,14.854534161490687,-0.06276595744680691,-0.5210015527950276,34.303000000000026,34.753000000000014,25.53875000000005,29.528509316770197,0.44999999999998863,3.9897593167701473,0.1881720430107527,0.1935483870967742,0.15950920245398773,0.18518518518518517,0.005376344086021501,0.02567598273119745,6.0,6.0,3.0,3.0,0.0,0.0,0.0,0.0,0.0,0.0,0.0,0.0,3.0,3.0,1.0,2.0,0.0,1.0,0.0,0.0,0.0,0.0,0.0,0.0
136,Digital Twins in Manufacturing,Engineering,20,1.0,182.0,175.0,168.0,175.0,-7.0,7.0,14.76777777777778,14.893416184971102,15.269414634146344,14.798947368421054,0.1256384071933212,-0.47046726572528996,21.245000000000005,19.097465317919102,14.79875609756101,22.8026315789474,-2.1475346820809023,8.003875481386387,0.19318181818181818,0.17543859649122806,0.23636363636363636,0.20930232558139536,-0.017743221690590116,-0.027061310782241,3.0,2.0,2.0,3.0,-1.0,1.0,0.0,0.0,1.0,1.0,0.0,0.0,6.0,5.0,7.0,6.0,-1.0,-1.0,0.0,0.0,0.0,0.0,0.0,0.0
137,Augmented Reality in Education,Education Technology,20,1.0,173.0,176.0,164.0,164.0,3.0,0.0,12.965137283236995,12.887803030303033,16.350337552742616,16.350337552742616,-0.07733425293396223,0.0,40.625509393063595,37.49406565656565,9.107250351617466,9.107250351617466,-3.1314437364979426,0.0,0.11764705882352941,0.13872832369942195,0.2875,0.2875,0.02108126487589254,0.0,0.0,0.0,1.0,1.0,0.0,0.0,0.0,0.0,2.0,2.0,0.0,0.0,4.0,4.0,4.0,4.0,0.0,0.0,0.0,0.0,0.0,0.0,0.0,0.0
138,Generative Adversarial Networks in Art,Creative AI,20,1.0,164.0,163.0,168.0,169.0,-1.0,1.0,11.912727272727274,13.097792452830191,15.13224899598394,16.44786427145708,1.1850651801029173,1.3156152754731423,35.561363636363666,29.477632075471718,19.423527443105797,10.189135063206976,-6.083731560891948,-9.234392379898821,0.15723270440251572,0.17721518987341772,0.1952662721893491,0.21637426900584794,0.019982485470902006,0.02110799681649883,0.0,1.0,2.0,2.0,1.0,0.0,0.0,0.0,0.0,0.0,0.0,0.0,6.0,6.0,0.0,0.0,0.0,0.0,0.0,0.0,0.0,0.0,0.0,0.0
139,Swarm Intelligence in Disaster Response,Robotics,20,1.0,171.0,161.0,179.0,177.0,-10.0,-2.0,16.102500000000003,16.852710622710628,14.094621212121215,15.203994252873567,0.7502106227106253,1.1093730407523523,16.573750000000018,13.93038461538464,28.84179292929295,24.796681034482788,-2.643365384615379,-4.045111894810162,0.18292682926829268,0.2,0.21714285714285714,0.21142857142857144,0.017073170731707332,-0.0057142857142856995,0.0,0.0,4.0,4.0,0.0,0.0,0.0,0.0,0.0,0.0,0.0,0.0,7.0,8.0,4.0,3.0,1.0,-1.0,0.0,0.0,0.0,0.0,0.0,0.0
140,Bioinformatics and Personalized Medicine,Biomedical Science,20,1.0,187.0,188.0,157.0,161.0,1.0,4.0,14.861288770053477,13.859497098646035,16.895,16.75806962025317,-1.0017916714074424,-0.1369303797468291,21.8213449197861,26.13772727272729,7.775000000000034,10.092547468354468,4.31638235294119,2.3175474683544337,0.2,0.21081081081081082,0.2631578947368421,0.25157232704402516,0.010810810810810811,-0.011585567692816934,2.0,2.0,0.0,0.0,0.0,0.0,2.0,3.0,1.0,0.0,1.0,-1.0,4.0,4.0,3.0,5.0,0.0,2.0,0.0,0.0,0.0,0.0,0.0,0.0
141,Emotion Recognition Systems,Emotion AI,20,1.0,179.0,179.0,163.0,163.0,0.0,0.0,11.060274250888778,11.060274250888778,19.321410256410264,19.321410256410264,0.0,0.0,44.749466734382935,44.749466734382935,-8.73057692307691,-8.73057692307691,0.0,0.0,0.14689265536723164,0.14689265536723164,0.2692307692307692,0.2692307692307692,0.0,0.0,0.0,0.0,1.0,1.0,0.0,0.0,1.0,1.0,0.0,0.0,0.0,0.0,5.0,5.0,8.0,8.0,0.0,0.0,0.0,0.0,0.0,0.0,0.0,0.0
142,Computational Creativity,Artificial Intelligence,20,1.0,174.0,181.0,167.0,165.0,7.0,-2.0,12.354620689655174,11.819537920642894,16.190024096385546,15.75483850931677,-0.5350827690122806,-0.4351855870687764,37.47744827586209,39.629768960321485,8.554674698795196,10.784183229813692,2.152320684459397,2.229508531018496,0.1286549707602339,0.11797752808988764,0.2545454545454545,0.2670807453416149,-0.010677442670346274,0.012535290796160392,1.0,1.0,3.0,3.0,0.0,0.0,1.0,2.0,0.0,0.0,1.0,0.0,4.0,4.0,2.0,5.0,0.0,3.0,0.0,0.0,0.0,0.0,0.0,0.0
143,Haptic Feedback in Virtual Reality,Interaction Design,20,1.0,174.0,173.0,154.0,160.0,-1.0,6.0,11.42497674418605,13.119383429672446,15.703378378378378,14.552363636363637,1.6944066854863955,-1.1510147420147412,43.78630232558143,35.24005138086065,15.427770270270315,18.158545454545475,-8.546250944720782,2.73077518427516,0.1130952380952381,0.15204678362573099,0.20945945945945946,0.22077922077922077,0.03895154553049289,0.011319761319761312,1.0,0.0,0.0,0.0,-1.0,0.0,2.0,1.0,1.0,1.0,-1.0,0.0,6.0,4.0,4.0,4.0,-2.0,0.0,0.0,0.0,0.0,0.0,0.0,0.0
144,Graph Neural Networks,Machine Learning,20,1.0,169.0,169.0,157.0,157.0,0.0,0.0,12.761428571428574,11.401285714285716,13.087062937062939,13.942717948717949,-1.3601428571428578,0.8556550116550099,36.816904761904794,43.243714285714304,26.49430069930071,22.88561538461539,6.42680952380951,-3.6086853146853173,0.1696969696969697,0.17575757575757575,0.2331288343558282,0.24074074074074073,0.006060606060606044,0.00761190638491252,3.0,3.0,1.0,1.0,0.0,0.0,0.0,0.0,0.0,0.0,0.0,0.0,4.0,4.0,3.0,3.0,0.0,0.0,0.0,0.0,0.0,0.0,0.0,0.0
145,Social Robotics,Robotics,20,1.0,167.0,174.0,164.0,167.0,7.0,3.0,12.217791164658639,14.261091040462428,18.062967032967034,15.612716049382719,2.0432998758037897,-2.450250983584315,40.31870816599735,31.334179913294804,5.253461538461551,15.187222222222204,-8.984528252702546,9.933760683760653,0.14814814814814814,0.17751479289940827,0.22580645161290322,0.1901840490797546,0.029366644751260135,-0.035622402533148606,0.0,0.0,1.0,2.0,0.0,1.0,0.0,0.0,0.0,0.0,0.0,0.0,6.0,6.0,9.0,7.0,0.0,-2.0,0.0,0.0,0.0,0.0,0.0,0.0
146,Adaptive Learning Systems,Educational Technology,20,1.0,159.0,149.0,175.0,178.0,-10.0,3.0,11.724298245614037,11.75155319148936,14.664317365269458,15.326124031007755,0.027254945875323955,0.6618066657382968,41.08619883040939,35.92350000000002,19.67132634730541,19.220943152454794,-5.162698830409369,-0.45038319485061606,0.13245033112582782,0.11267605633802817,0.23214285714285715,0.2254335260115607,-0.019774274787799653,-0.006709331131296459,0.0,0.0,1.0,3.0,0.0,2.0,0.0,0.0,0.0,0.0,0.0,0.0,10.0,11.0,5.0,3.0,1.0,-2.0,0.0,0.0,0.0,0.0,0.0,0.0
147,Decentralized Autonomous Organizations (DAOs),Blockchain Technology,20,1.0,169.0,169.0,165.0,177.0,0.0,12.0,12.73736526946108,12.949341317365274,14.069124223602486,13.833763213530656,0.21197604790419433,-0.23536101007183063,26.622501151543077,25.10274067250117,22.869897515527953,23.731532769556054,-1.5197604790419064,0.8616352540281014,0.2787878787878788,0.3048780487804878,0.26993865030674846,0.27325581395348836,0.02609016999260899,0.0033171636467398957,1.0,1.0,3.0,2.0,0.0,-1.0,0.0,0.0,0.0,0.0,0.0,0.0,5.0,5.0,6.0,6.0,0.0,0.0,0.0,0.0,0.0,0.0,0.0,0.0
148,Algorithmic Trading Strategies,Finance,20,1.0,178.0,183.0,164.0,163.0,5.0,-1.0,14.75312359550562,14.566672131147541,14.172,15.625090909090911,-0.18645146435807902,1.4530909090909105,20.99384269662923,23.221155737704947,21.598000000000013,10.467636363636387,2.2273130410757176,-11.130363636363626,0.21714285714285714,0.21787709497206703,0.20481927710843373,0.26582278481012656,0.0007342378292098939,0.06100350770169283,0.0,0.0,1.0,1.0,0.0,0.0,1.0,0.0,0.0,0.0,-1.0,0.0,5.0,5.0,3.0,5.0,0.0,2.0,0.0,0.0,0.0,0.0,0.0,0.0
149,Wearable Health Technology,Health Tech,20,1.0,176.0,177.0,174.0,174.0,1.0,0.0,12.744714285714288,12.046333333333333,14.540079840319365,14.514285714285716,-0.6983809523809548,-0.025794126033648723,34.858785714285744,40.22204237288139,23.86697937458419,28.40571428571431,5.363256658595645,4.5387349111301205,0.13372093023255813,0.10857142857142857,0.1488095238095238,0.1317365269461078,-0.02514950166112956,-0.017072996863416012,1.0,1.0,2.0,1.0,0.0,-1.0,0.0,0.0,0.0,0.0,0.0,0.0,4.0,3.0,9.0,8.0,-1.0,-1.0,0.0,0.0,0.0,0.0,0.0,0.0
150,Natural Language Processing in Content Moderation,AI Ethics,20,1.0,146.0,146.0,168.0,170.0,0.0,2.0,12.72809523809524,12.72809523809524,13.235407407407411,14.046243902439027,0.0,0.8108364950316158,31.514682539682553,31.514682539682553,29.02533333333335,23.568268292682973,0.0,-5.457065040650377,0.20567375886524822,0.20567375886524822,0.19875776397515527,0.23780487804878048,0.0,0.03904711407362521,1.0,1.0,2.0,3.0,0.0,1.0,0.0,0.0,1.0,1.0,0.0,0.0,9.0,9.0,4.0,4.0,0.0,0.0,0.0,0.0,0.0,0.0,0.0,0.0
151,Edge Computing in IoT,Computer Science,20,1.0,174.0,177.0,165.0,163.0,3.0,-2.0,13.297481713688612,14.113,15.208749999999998,16.126286919831227,0.8155182863113879,0.9175369198312282,27.90023510971787,25.405093220339012,14.521250000000038,10.7135794655415,-2.495141889378857,-3.8076705344585378,0.20348837209302326,0.20689655172413793,0.2422360248447205,0.24528301886792453,0.0034081796311146717,0.0030469940232040194,6.0,6.0,5.0,6.0,0.0,1.0,0.0,0.0,0.0,0.0,0.0,0.0,5.0,5.0,6.0,6.0,0.0,0.0,0.0,0.0,0.0,0.0,0.0,0.0
152,Psychometric AI Models,Psychology,20,1.0,153.0,156.0,179.0,179.0,3.0,0.0,14.282911467617353,16.136307692307692,15.029210019267826,15.029210019267826,1.8533962246903393,0.0,17.43491978609626,7.158692307692348,21.547565831727695,21.547565831727695,-10.27622747840391,0.0,0.23529411764705882,0.29411764705882354,0.2138728323699422,0.2138728323699422,0.05882352941176472,0.0,0.0,0.0,7.0,7.0,0.0,0.0,1.0,1.0,1.0,1.0,0.0,0.0,3.0,4.0,4.0,4.0,1.0,0.0,0.0,0.0,0.0,0.0,0.0,0.0
153,Drone Swarm Navigation,Robotics,20,1.0,163.0,159.0,176.0,172.0,-4.0,-4.0,14.881088709677417,13.152000000000001,13.298883040935674,14.142885138813284,-1.7290887096774163,0.8440020978776097,22.881633064516137,27.48600000000002,30.17323684210527,20.70569406641266,4.604366935483881,-9.467542775692607,0.23717948717948717,0.21568627450980393,0.19186046511627908,0.2046783625730994,-0.021493212669683237,0.012817897456820326,0.0,0.0,2.0,0.0,0.0,-2.0,0.0,0.0,0.0,0.0,0.0,0.0,5.0,6.0,0.0,0.0,1.0,0.0,0.0,0.0,0.0,0.0,0.0,0.0
154,AI and Climate Change Modeling,Environmental Science,20,1.0,165.0,163.0,173.0,173.0,-2.0,0.0,16.07862577639752,15.137635350318472,16.101380670611444,16.101380670611444,-0.9409904260790469,0.0,15.631727484472066,21.48759952229301,13.069046679815926,13.069046679815926,5.855872037820944,0.0,0.22784810126582278,0.23870967741935484,0.24260355029585798,0.24260355029585798,0.01086157615353206,0.0,1.0,0.0,1.0,1.0,-1.0,0.0,0.0,0.0,0.0,0.0,0.0,0.0,7.0,9.0,5.0,5.0,2.0,0.0,0.0,0.0,0.0,0.0,0.0,0.0
155,Interdisciplinary Collaboration in STEM,Science and Technology,20,1.0,177.0,179.0,156.0,156.0,2.0,0.0,15.246333333333336,14.711918063314716,18.608072866730584,18.528878235858105,-0.53441527001862,-0.07919463087247891,17.279669491525453,25.009788950962133,-0.4357718120805032,0.13201342281880102,7.730119459436679,0.5677852348993042,0.24855491329479767,0.21468926553672316,0.2913907284768212,0.2913907284768212,-0.03386564775807452,0.0,2.0,2.0,0.0,0.0,0.0,0.0,1.0,1.0,0.0,0.0,0.0,0.0,4.0,4.0,9.0,9.0,0.0,0.0,0.0,0.0,0.0,0.0,0.0,0.0
156,The Role of Serendipity in Innovation,Innovation Studies,20,1.0,169.0,166.0,153.0,153.0,-3.0,0.0,16.067272189349115,16.474361445783135,17.132741312741313,17.132741312741313,0.40708925643401983,0.0,9.969073964497056,6.516120481927743,9.887162162162184,9.887162162162184,-3.4529534825693133,0.0,0.31547619047619047,0.3333333333333333,0.2733333333333333,0.2733333333333333,0.01785714285714285,0.0,0.0,0.0,1.0,1.0,0.0,0.0,4.0,4.0,0.0,0.0,0.0,0.0,4.0,4.0,5.0,5.0,0.0,0.0,0.0,0.0,0.0,0.0,0.0,0.0
157,Synthetic Data Generation,Data Science,20,1.0,174.0,173.0,171.0,167.0,-1.0,-4.0,15.576006305832895,15.686088794926004,14.592566844919787,16.62502008032129,0.11008248909310936,2.0324532354015012,11.402454019968474,10.451300211416537,17.967459893048158,8.721117804551568,-0.9511538085519362,-9.24634208849659,0.24431818181818182,0.24571428571428572,0.2558139534883721,0.2909090909090909,0.0013961038961038952,0.03509513742071879,3.0,3.0,3.0,2.0,0.0,-1.0,0.0,0.0,0.0,0.0,0.0,0.0,4.0,4.0,4.0,5.0,0.0,1.0,0.0,0.0,0.0,0.0,0.0,0.0
158,Resilient Network Design,Computer Networking,20,1.0,168.0,163.0,152.0,153.0,-5.0,1.0,15.080717299578062,15.777246732026146,12.817220026350466,12.938181818181821,0.6965294324480844,0.12096179183135547,18.209781997187065,16.01136029411768,25.514407114624532,24.80909090909094,-2.1984217030693856,-0.7053162055335918,0.21794871794871795,0.2222222222222222,0.26277372262773724,0.2608695652173913,0.004273504273504258,-0.0019041574103459413,1.0,0.0,1.0,1.0,-1.0,0.0,1.0,1.0,0.0,0.0,0.0,0.0,6.0,7.0,12.0,12.0,1.0,0.0,0.0,0.0,0.0,0.0,0.0,0.0
159,Nanotechnology in Medicine,Nanotechnology,20,1.0,161.0,158.0,146.0,148.0,-3.0,2.0,11.597846153846156,12.711895424836602,16.53521783181358,17.462457542457546,1.1140492709904457,0.9272397106439669,39.69715384615387,34.20352941176475,12.390000000000015,6.251048951049,-5.493624434389119,-6.138951048951014,0.17105263157894737,0.18243243243243243,0.2857142857142857,0.26573426573426573,0.011379800853485056,-0.01998001998001997,1.0,1.0,1.0,1.0,0.0,0.0,0.0,0.0,1.0,1.0,0.0,0.0,7.0,8.0,3.0,3.0,1.0,0.0,0.0,0.0,0.0,0.0,0.0,0.0
160,Trustworthy AI Systems,AI Governance,20,1.0,174.0,173.0,150.0,150.0,-1.0,0.0,14.999448275862068,15.166248554913295,15.758160919540227,15.758160919540227,0.16680027905122685,0.0,18.515379310344855,17.141395953757268,10.780153256705006,10.780153256705006,-1.373983356587587,0.0,0.2413793103448276,0.24855491329479767,0.35135135135135137,0.35135135135135137,0.007175602949970078,0.0,5.0,4.0,2.0,2.0,-1.0,0.0,0.0,0.0,1.0,1.0,0.0,0.0,4.0,4.0,3.0,3.0,0.0,0.0,0.0,0.0,0.0,0.0,0.0,0.0
161,Flexible Manufacturing Systems,Industrial Engineering,20,1.0,164.0,166.0,165.0,162.0,2.0,-3.0,15.612822327044025,15.24851851851852,16.126286919831227,16.45308823529412,-0.3643038085255057,0.3268013154628946,18.526025943396235,17.798333333333346,10.7135794655415,-0.18860294117644116,-0.7276926100628884,-10.902182406717941,0.26582278481012656,0.23125,0.25153374233128833,0.3006535947712418,-0.034572784810126544,0.04911985243995348,1.0,1.0,0.0,1.0,0.0,1.0,0.0,0.0,0.0,0.0,0.0,0.0,9.0,8.0,4.0,4.0,-1.0,0.0,0.0,0.0,0.0,0.0,0.0,0.0
162,Sustainable Urban Planning with AI,Urban Studies,20,1.0,162.0,152.0,176.0,176.0,-10.0,0.0,16.78215053763441,17.794623287671232,16.377205588822356,16.377205588822356,1.012472750036821,0.0,5.417670250896066,-0.010667808219153585,10.695721889554278,10.695721889554278,-5.4283380591152195,0.0,0.29605263157894735,0.2671232876712329,0.2619047619047619,0.2619047619047619,-0.028929343907714455,0.0,0.0,0.0,1.0,1.0,0.0,0.0,0.0,0.0,0.0,0.0,0.0,0.0,10.0,9.0,5.0,5.0,-1.0,0.0,0.0,0.0,0.0,0.0,0.0,0.0
163,Smart Contracts on Blockchain,Blockchain Technology,20,1.0,176.0,169.0,170.0,167.0,-7.0,-3.0,10.342011494252876,11.528513881328255,15.16331901840491,14.493977272727275,1.1865023870753788,-0.6693417456776345,46.74163793103449,39.449406641262954,15.381297546012291,17.05511363636367,-7.292231289771536,1.6738160903513801,0.20118343195266272,0.2147239263803681,0.32298136645962733,0.31645569620253167,0.013540494427705385,-0.0065256702570956615,2.0,3.0,0.0,0.0,1.0,0.0,0.0,0.0,0.0,0.0,0.0,0.0,6.0,5.0,9.0,9.0,-1.0,0.0,0.0,0.0,0.0,0.0,0.0,0.0
